{"type":"game_state","state":{"planets":[{"ship_count":0,"x":-1,"y":-1,"owner":null,"name":"guns1"},{"ship_count":0,"x":-2,"y":-1,"owner":null,"name":"guns2"},{"ship_count":0,"x":-1,"y":-2,"owner":null,"name":"guns3"},{"ship_count":0,"x":1,"y":-1,"owner":null,"name":"food1"},{"ship_count":0,"x":2,"y":-1,"owner":null,"name":"food2"},{"ship_count":0,"x":1,"y":-2,"owner":null,"name":"food3"},{"ship_count":0,"x":-1,"y":1,"owner":null,"name":"swords1"},{"ship_count":0,"x":-2,"y":1,"owner":null,"name":"swords2"},{"ship_count":0,"x":-1,"y":2,"owner":null,"name":"swords3"},{"ship_count":0,"x":1,"y":1,"owner":null,"name":"explosives1"},{"ship_count":0,"x":2,"y":1,"owner":null,"name":"explosives2"},{"ship_count":0,"x":1,"y":2,"owner":null,"name":"explosives3"},{"ship_count":50,"x":5,"y":0,"owner":null,"name":"trap-1"},{"ship_count":50,"x":2.5,"y":4.33,"owner":null,"name":"trap-2"},{"ship_count":50,"x":-2.5,"y":4.33,"owner":null,"name":"trap-3"},{"ship_count":50,"x":-5,"y":0,"owner":null,"name":"trap-4"},{"ship_count":50,"x":-2.5,"y":-4.33,"owner":null,"name":"trap-5"},{"ship_count":50,"x":2.5,"y":-4.33,"owner":null,"name":"trap-6"},{"ship_count":5,"x":25,"y":0,"owner":null,"name":"plate-1"},{"ship_count":5,"x":23.776,"y":7.752,"owner":null,"name":"plate-2"},{"ship_count":5,"x":20.225,"y":14.695,"owner":null,"name":"plate-3"},{"ship_count":5,"x":14.695,"y":20.225,"owner":null,"name":"plate-4"},{"ship_count":5,"x":7.725,"y":23.776,"owner":null,"name":"plate-5"},{"ship_count":5,"x":0,"y":25,"owner":null,"name":"plate-6"},{"ship_count":5,"x":-7.725,"y":23.776,"owner":null,"name":"plate-7"},{"ship_count":5,"x":-14.695,"y":20.225,"owner":null,"name":"plate-8"},{"ship_count":5,"x":-20.225,"y":14.695,"owner":null,"name":"plate-9"},{"ship_count":5,"x":-23.776,"y":7.752,"owner":null,"name":"plate-10"},{"ship_count":5,"x":-25,"y":0,"owner":null,"name":"plate-11"},{"ship_count":5,"x":-23.776,"y":-7.752,"owner":null,"name":"plate-12"},{"ship_count":5,"x":-20.225,"y":-14.695,"owner":null,"name":"plate-13"},{"ship_count":5,"x":-14.695,"y":-20.225,"owner":null,"name":"plate-14"},{"ship_count":5,"x":-7.725,"y":-23.776,"owner":null,"name":"plate-15"},{"ship_count":5,"x":0,"y":-25,"owner":null,"name":"plate-16"},{"ship_count":5,"x":7.725,"y":-23.776,"owner":null,"name":"plate-17"},{"ship_count":5,"x":14.695,"y":-20.225,"owner":null,"name":"plate-18"},{"ship_count":5,"x":20.225,"y":-14.695,"owner":null,"name":"plate-19"},{"ship_count":5,"x":23.776,"y":-7.725,"owner":null,"name":"plate-20"}],"expeditions":[]}}
