{"type":"game_state","state":{"planets":[{"ship_count":1,"x":78,"y":31,"owner":1,"name":"OJCKCVKJGJ"},{"ship_count":1,"x":30,"y":74,"owner":2,"name":"OTJPKJXLQX"},{"ship_count":1,"x":48,"y":80,"owner":3,"name":"RSSGYXGAIS"},{"ship_count":1,"x":19,"y":96,"owner":4,"name":"LWMVSTXKRV"},{"ship_count":0,"x":33,"y":99,"owner":null,"name":"QUQGQOWETI"},{"ship_count":0,"x":87,"y":67,"owner":null,"name":"VNZZPHTSZM"},{"ship_count":0,"x":11,"y":25,"owner":null,"name":"OZIYOLKDIR"},{"ship_count":0,"x":9,"y":32,"owner":null,"name":"VSLGCPXQUN"},{"ship_count":0,"x":25,"y":24,"owner":null,"name":"DLSGAMDSAK"},{"ship_count":0,"x":21,"y":53,"owner":null,"name":"JXTLWRHRRP"},{"ship_count":0,"x":31,"y":52,"owner":null,"name":"RULUVNQJTY"},{"ship_count":0,"x":38,"y":70,"owner":null,"name":"ETCCAQPWNK"},{"ship_count":0,"x":53,"y":93,"owner":null,"name":"OVXRCBSXZK"},{"ship_count":0,"x":98,"y":56,"owner":null,"name":"HEYBAGEYJB"},{"ship_count":0,"x":51,"y":2,"owner":null,"name":"XVJXNQDAQE"},{"ship_count":0,"x":22,"y":85,"owner":null,"name":"MJXGGQIJTD"},{"ship_count":0,"x":92,"y":78,"owner":null,"name":"KEYMTVEOQP"},{"ship_count":0,"x":2,"y":43,"owner":null,"name":"NWMMEHPPYR"},{"ship_count":0,"x":41,"y":23,"owner":null,"name":"UUZZZWSZUT"},{"ship_count":0,"x":4,"y":90,"owner":null,"name":"KOLNGIUGEX"}],"expeditions":[]}}
