{
  "version": "v4",
  "bots": {
    "0a4e6406-e088-4358-8655-085958edd1f7": {
      "uuid": "0a4e6406-e088-4358-8655-085958edd1f7",
      "name": "SimpleBot 1",
      "command": "python3 /home/wout/.config/Electron/data/bots/simple1.py",
      "createdAt": "2018-05-22T18:57:11.571Z",
      "lastUpdatedAt": "2018-05-22T18:58:32.308Z"
    },
    "8395d9b0-a92c-44ea-b3ba-463961e73e0d": {
      "uuid": "8395d9b0-a92c-44ea-b3ba-463961e73e0d",
      "name": "SimpleBot 2",
      "command": "python3 /home/wout/.config/Electron/data/bots/simple2.py",
      "createdAt": "2018-05-22T18:57:11.577Z",
      "lastUpdatedAt": "2018-05-22T18:58:42.754Z"
    },
    "0396add8-67f2-4288-baab-f205cba09de4": {
      "uuid": "0396add8-67f2-4288-baab-f205cba09de4",
      "name": "Crushbot",
      "command": "/home/wout/bots/CrushBot/bin/crushbot",
      "createdAt": "2018-05-22T19:06:21.863Z",
      "lastUpdatedAt": "2018-05-22T19:20:56.919Z"
    },
    "e4c53fcd-9b36-4332-9056-db0eb939a8c0": {
      "uuid": "e4c53fcd-9b36-4332-9056-db0eb939a8c0",
      "name": "BoldyElite",
      "command": "node /home/wout/bots/Bottlebats/Boldy97/run.js BotElite",
      "createdAt": "2018-05-22T19:28:27.522Z",
      "lastUpdatedAt": "2018-05-22T19:33:00.656Z"
    },
    "cc3ba06b-bb0b-4e05-a706-fdcf6f8b78f3": {
      "uuid": "cc3ba06b-bb0b-4e05-a706-fdcf6f8b78f3",
      "name": "TestBot",
      "command": "node /home/wout/bots/Bottlebats/QuintenDV/testBot.js",
      "createdAt": "2018-05-22T19:35:58.079Z",
      "lastUpdatedAt": "2018-05-22T20:12:55.741Z"
    },
    "e8322ee4-e8a0-4aa5-a0b7-abecf30d6b4b": {
      "uuid": "e8322ee4-e8a0-4aa5-a0b7-abecf30d6b4b",
      "name": "DoraTheExplorah",
      "command": "python3 /home/wout/DoraTheExplorer/Python/versie0.py",
      "createdAt": "2018-05-22T20:12:24.042Z",
      "lastUpdatedAt": "2018-05-22T20:12:24.042Z"
    },
    "1aae4581-2831-4764-81fe-2e9448be8e3d": {
      "uuid": "1aae4581-2831-4764-81fe-2e9448be8e3d",
      "name": "FlesVleermuisBot",
      "command": "python3 /home/wout/bots/FlesVleermuizen/FlesVleermuisBot/FlesVleermuisBot.py",
      "createdAt": "2018-05-22T20:16:59.942Z",
      "lastUpdatedAt": "2018-05-22T20:18:22.566Z"
    },
    "5ef61729-d7a8-4c66-869a-525aa656d71f": {
      "uuid": "5ef61729-d7a8-4c66-869a-525aa656d71f",
      "name": "Carlos",
      "command": "/home/wout/data/Workspace/UGent/PEESA/carlos/target/release/auto_player_orfirst_pass",
      "createdAt": "2018-05-22T20:36:42.543Z",
      "lastUpdatedAt": "2018-05-22T20:38:43.937Z"
    },
    "57a1b574-b4ae-4d44-b9e9-8b97b8bf6bf7": {
      "uuid": "57a1b574-b4ae-4d44-b9e9-8b97b8bf6bf7",
      "name": "Manuel",
      "command": "/home/wout/data/Workspace/UGent/PEESA/carlos/target/release/manuel",
      "createdAt": "2018-05-22T21:44:56.703Z",
      "lastUpdatedAt": "2018-05-22T21:45:20.546Z"
    }
  },
  "maps": {
    "72dde0f6-cc65-4762-bee2-06fcdbf44baf": {
      "uuid": "72dde0f6-cc65-4762-bee2-06fcdbf44baf",
      "mapPath": "/home/wout/.config/Electron/data/maps/72dde0f6-cc65-4762-bee2-06fcdbf44baf.json",
      "slots": 4,
      "name": "large",
      "createdAt": "2018-05-22T18:57:11.580Z"
    },
    "e60ca934-3671-4cb9-a8f0-851343a44189": {
      "uuid": "e60ca934-3671-4cb9-a8f0-851343a44189",
      "mapPath": "/home/wout/.config/Electron/data/maps/e60ca934-3671-4cb9-a8f0-851343a44189.json",
      "slots": 2,
      "name": "hex",
      "createdAt": "2018-05-22T18:57:11.581Z"
    },
    "7ede121a-51b8-4afe-8fcb-ae06cc6d026e": {
      "uuid": "7ede121a-51b8-4afe-8fcb-ae06cc6d026e",
      "mapPath": "/home/wout/.config/Electron/data/maps/7ede121a-51b8-4afe-8fcb-ae06cc6d026e.json",
      "slots": 2,
      "name": "undecidable",
      "createdAt": "2018-05-22T18:57:11.581Z"
    },
    "4b84b2fb-b669-474e-8fd0-c3f58382912a": {
      "uuid": "4b84b2fb-b669-474e-8fd0-c3f58382912a",
      "mapPath": "/home/wout/.config/Electron/data/maps/4b84b2fb-b669-474e-8fd0-c3f58382912a.json",
      "slots": 2,
      "name": "dickbutt",
      "createdAt": "2018-05-22T19:37:20.249Z"
    },
    "cd974a9e-8483-4216-a6e6-9d9a849efd71": {
      "uuid": "cd974a9e-8483-4216-a6e6-9d9a849efd71",
      "mapPath": "/home/wout/.config/Electron/data/maps/cd974a9e-8483-4216-a6e6-9d9a849efd71.json",
      "slots": 2,
      "name": "pietmap",
      "createdAt": "2018-05-22T19:37:25.414Z"
    },
    "518ecb74-a81a-4d95-9f29-d217205466bc": {
      "uuid": "518ecb74-a81a-4d95-9f29-d217205466bc",
      "mapPath": "/home/wout/.config/Electron/data/maps/518ecb74-a81a-4d95-9f29-d217205466bc.json",
      "slots": 4,
      "name": "spiral2",
      "createdAt": "2018-05-22T20:06:03.807Z"
    },
    "6e2dda0f-88c2-4908-b1c2-e8bc5028eb8e": {
      "uuid": "6e2dda0f-88c2-4908-b1c2-e8bc5028eb8e",
      "mapPath": "/home/wout/.config/Electron/data/maps/6e2dda0f-88c2-4908-b1c2-e8bc5028eb8e.json",
      "slots": 4,
      "name": "spiral",
      "createdAt": "2018-05-22T20:06:07.768Z"
    },
    "685cec8c-8426-4dc4-b9e7-f6ae3bc27ef1": {
      "uuid": "685cec8c-8426-4dc4-b9e7-f6ae3bc27ef1",
      "mapPath": "/home/wout/.config/Electron/data/maps/685cec8c-8426-4dc4-b9e7-f6ae3bc27ef1.json",
      "slots": 8,
      "name": "hungergames",
      "createdAt": "2018-05-22T20:06:20.158Z"
    }
  },
  "notifications": [
    {
      "title": "Match ended",
      "body": "A match on map 'unknown' has ended",
      "type": "Finished"
    }
  ],
  "matches": {
    "ac02361f-4dc3-49c0-b820-37768e64890c": {
      "uuid": "ac02361f-4dc3-49c0-b820-37768e64890c",
      "type": 0,
      "status": 1,
      "maxTurns": 500,
      "map": "4b84b2fb-b669-474e-8fd0-c3f58382912a",
      "network": {
        "host": "127.0.0.1",
        "port": "9143"
      },
      "timestamp": "2018-05-22T20:00:23.851Z",
      "logPath": "/home/wout/.config/Electron/data/matches/ac02361f-4dc3-49c0-b820-37768e64890c.json",
      "players": [
        {
          "type": "Internal",
          "token": "78082d23e16c272fe4714230c56be46c18f71672ddc1e7bf3a0c36bab3661baf",
          "botId": "e4c53fcd-9b36-4332-9056-db0eb939a8c0",
          "name": "BoldyElite",
          "connected": true
        },
        {
          "type": "Internal",
          "token": "71566c54109731575b1a29216af213e34d933b4e4f5881dac05c2aec6b9b2bbd",
          "botId": "cc3ba06b-bb0b-4e05-a706-fdcf6f8b78f3",
          "name": "BoldyHard",
          "connected": true
        }
      ],
      "stats": {
        "winners": [
          1,
          2
        ],
        "score": {
          "1": 27607,
          "2": 2646
        }
      }
    },
    "331bf780-8d7e-4d62-8fab-5544dd5bc1cc": {
      "uuid": "331bf780-8d7e-4d62-8fab-5544dd5bc1cc",
      "type": 0,
      "status": 1,
      "maxTurns": 500,
      "map": "e60ca934-3671-4cb9-a8f0-851343a44189",
      "network": {
        "host": "127.0.0.1",
        "port": 9142
      },
      "timestamp": "2018-05-22T20:13:16.052Z",
      "logPath": "/home/wout/.config/Electron/data/matches/331bf780-8d7e-4d62-8fab-5544dd5bc1cc.json",
      "players": [
        {
          "type": "Internal",
          "token": "8569a1fa315b0de154d95b5090e84599adf2256327b0f2a6ecad8147beb7c573",
          "botId": "cc3ba06b-bb0b-4e05-a706-fdcf6f8b78f3",
          "name": "TestBot",
          "connected": true
        },
        {
          "type": "Internal",
          "token": "848ddc34676434e66f03c07105a595dd71d38b7a1a4451dfe8a21e772e0218d5",
          "botId": "e8322ee4-e8a0-4aa5-a0b7-abecf30d6b4b",
          "name": "DoraTheExplorah",
          "connected": true
        }
      ],
      "stats": {
        "winners": [
          1
        ],
        "score": {
          "1": 155,
          "2": 49
        }
      }
    },
    "4a34c2c3-a6e2-42b5-9a12-6a8d719b9b12": {
      "uuid": "4a34c2c3-a6e2-42b5-9a12-6a8d719b9b12",
      "type": 0,
      "status": 1,
      "maxTurns": 500,
      "map": "e60ca934-3671-4cb9-a8f0-851343a44189",
      "network": {
        "host": "127.0.0.1",
        "port": 9142
      },
      "timestamp": "2018-05-22T20:18:39.562Z",
      "logPath": "/home/wout/.config/Electron/data/matches/4a34c2c3-a6e2-42b5-9a12-6a8d719b9b12.json",
      "players": [
        {
          "type": "Internal",
          "token": "17d7b2ebc3691d23fde10ca5e115050efba8c59dbf22ded5a2fd8992ea2ebf31",
          "botId": "1aae4581-2831-4764-81fe-2e9448be8e3d",
          "name": "FlesVleermuisBot",
          "connected": true
        },
        {
          "type": "Internal",
          "token": "8152e9fc665696535c72cd4d8838750ae6845774bc0e2b28a8e5f4a794eabd4d",
          "botId": "0a4e6406-e088-4358-8655-085958edd1f7",
          "name": "SimpleBot 1",
          "connected": true
        }
      ],
      "stats": {
        "winners": [
          1
        ],
        "score": {
          "1": 158,
          "2": 42
        }
      }
    },
    "9e66031b-5ee7-49ba-b832-9818b79349ab": {
      "uuid": "9e66031b-5ee7-49ba-b832-9818b79349ab",
      "type": 0,
      "status": 1,
      "maxTurns": 500,
      "map": "e60ca934-3671-4cb9-a8f0-851343a44189",
      "network": {
        "host": "127.0.0.1",
        "port": 9142
      },
      "timestamp": "2018-05-22T20:46:33.343Z",
      "logPath": "/home/wout/.config/Electron/data/matches/9e66031b-5ee7-49ba-b832-9818b79349ab.json",
      "players": [
        {
          "type": "Internal",
          "token": "fa4443b37fa09dd81624d21de21227fa0eb3ca5db16245ee85208c7636835d86",
          "botId": "0a4e6406-e088-4358-8655-085958edd1f7",
          "name": "SimpleBot 1",
          "connected": true
        },
        {
          "type": "Internal",
          "token": "9ea34b6b91687f7ee8a86b0127b46889d517e7c3bac94865a3e455d8dca700e6",
          "botId": "8395d9b0-a92c-44ea-b3ba-463961e73e0d",
          "name": "SimpleBot 2",
          "connected": true
        }
      ],
      "stats": {
        "winners": [
          2
        ],
        "score": {
          "1": 22,
          "2": 118
        }
      }
    },
    "f4c971c9-efa8-40e4-87f1-3f2855003530": {
      "uuid": "f4c971c9-efa8-40e4-87f1-3f2855003530",
      "type": 1,
      "status": 0,
      "timestamp": "2018-05-22T20:48:12.655Z",
      "network": {
        "host": "10.0.0.157",
        "port": 9142
      },
      "logPath": "/home/wout/.config/Electron/data/matches/f4c971c9-efa8-40e4-87f1-3f2855003530.json",
      "bot": {
        "type": "Internal",
        "token": "67ba5ffed5af30615be5bd1127a2a5f82bf90c117907b114b85513d12de4083b",
        "botId": "0a4e6406-e088-4358-8655-085958edd1f7",
        "name": "SimpleBot 1",
        "connected": true
      }
    },
    "d9fa54e1-dbf0-4556-9853-3ec8889a9625": {
      "uuid": "d9fa54e1-dbf0-4556-9853-3ec8889a9625",
      "type": 0,
      "status": 1,
      "maxTurns": 500,
      "map": "4b84b2fb-b669-474e-8fd0-c3f58382912a",
      "network": {
        "host": "127.0.0.1",
        "port": 9142
      },
      "timestamp": "2018-05-22T20:53:33.529Z",
      "logPath": "/home/wout/.config/Electron/data/matches/d9fa54e1-dbf0-4556-9853-3ec8889a9625.json",
      "players": [
        {
          "type": "Internal",
          "token": "5a9147a58de33267e8682108e6421daa403568811c9f5c18e2ca6c4509e50f0b",
          "botId": "0a4e6406-e088-4358-8655-085958edd1f7",
          "name": "SimpleBot 1",
          "connected": true
        },
        {
          "type": "Internal",
          "token": "9c0337064e507ee617ffeea0d7f23c5c925ede794094149a06ccf77d88c45306",
          "botId": "8395d9b0-a92c-44ea-b3ba-463961e73e0d",
          "name": "SimpleBot 2",
          "connected": true
        }
      ],
      "stats": {
        "winners": [
          2
        ],
        "score": {
          "1": 36,
          "2": 80
        }
      }
    },
    "ae3bfb74-16c0-4cb3-900d-2f2331e279f9": {
      "uuid": "ae3bfb74-16c0-4cb3-900d-2f2331e279f9",
      "type": 0,
      "status": 1,
      "maxTurns": 500,
      "map": "e60ca934-3671-4cb9-a8f0-851343a44189",
      "network": {
        "host": "127.0.0.1",
        "port": 9142
      },
      "timestamp": "2018-05-22T20:56:42.996Z",
      "logPath": "/home/wout/.config/Electron/data/matches/ae3bfb74-16c0-4cb3-900d-2f2331e279f9.json",
      "players": [
        {
          "type": "Internal",
          "token": "83a1bf2e3ba0297793b107096b1b5083f5218a890f271e267f8ad5e9995465b0",
          "botId": "cc3ba06b-bb0b-4e05-a706-fdcf6f8b78f3",
          "name": "TestBot",
          "connected": true
        },
        {
          "type": "Internal",
          "token": "fa1d65131830cb6c7e428757daa17a6295388caa696d37597ca51c29f533e177",
          "botId": "e8322ee4-e8a0-4aa5-a0b7-abecf30d6b4b",
          "name": "DoraTheExplorah",
          "connected": true
        }
      ],
      "stats": {
        "winners": [
          1
        ],
        "score": {
          "1": 155,
          "2": 49
        }
      }
    },
    "6f2cd3e6-44b0-4477-bc0c-0eea55db2e5f": {
      "uuid": "6f2cd3e6-44b0-4477-bc0c-0eea55db2e5f",
      "type": 0,
      "status": 1,
      "maxTurns": 500,
      "map": "e60ca934-3671-4cb9-a8f0-851343a44189",
      "network": {
        "host": "127.0.0.1",
        "port": 9142
      },
      "timestamp": "2018-05-22T20:58:48.797Z",
      "logPath": "/home/wout/.config/Electron/data/matches/6f2cd3e6-44b0-4477-bc0c-0eea55db2e5f.json",
      "players": [
        {
          "type": "Internal",
          "token": "6dad59742527edaaf5310e6089d0f39420d9a60d6c6a3a2be65c605601c360e8",
          "botId": "1aae4581-2831-4764-81fe-2e9448be8e3d",
          "name": "FlesVleermuisBot",
          "connected": true
        },
        {
          "type": "Internal",
          "token": "97f931bd5d97db087233f2955a1d66ca82da03ab84233a09b4a15c3cce22da18",
          "botId": "0a4e6406-e088-4358-8655-085958edd1f7",
          "name": "SimpleBot 1",
          "connected": true
        }
      ],
      "stats": {
        "winners": [
          1
        ],
        "score": {
          "1": 158,
          "2": 42
        }
      }
    },
    "375af4c6-6d83-43c9-b8c3-665750640c9e": {
      "uuid": "375af4c6-6d83-43c9-b8c3-665750640c9e",
      "type": 0,
      "status": 1,
      "maxTurns": 500,
      "map": "518ecb74-a81a-4d95-9f29-d217205466bc",
      "network": {
        "host": "127.0.0.1",
        "port": 9142
      },
      "timestamp": "2018-05-22T21:00:12.199Z",
      "logPath": "/home/wout/.config/Electron/data/matches/375af4c6-6d83-43c9-b8c3-665750640c9e.json",
      "players": [
        {
          "type": "Internal",
          "token": "bb32cc7b33339470bc2679c2efec5f576b1ca39b5ba2d1f33588f45ad0a428a3",
          "botId": "1aae4581-2831-4764-81fe-2e9448be8e3d",
          "name": "FlesVleermuisBot",
          "connected": true
        },
        {
          "type": "Internal",
          "token": "a5d2d74ee1adc8c7c47ad47deabfdfdca8044b93d1d3c9840aea1d0a8906fce0",
          "botId": "0a4e6406-e088-4358-8655-085958edd1f7",
          "name": "SimpleBot 1",
          "connected": true
        },
        {
          "type": "External",
          "token": "b82db01e73d898342a557837f0b4de130f1ea9287bf2f49d29bab4fdb65ffa13",
          "name": "Mrs. Giada Vannucci",
          "connected": false
        },
        {
          "type": "External",
          "token": "4932cbce307d38f57a0823caf25364b8a09cd3ff21e5c9a0223618a678c9b221",
          "name": "Dr. Daniela Tarchiani",
          "connected": false
        }
      ],
      "stats": {
        "winners": [
          1
        ],
        "score": {
          "1": 584,
          "2": 97
        }
      }
    },
    "84e32038-9a95-4e0b-a0c2-52bb9e4a01fb": {
      "uuid": "84e32038-9a95-4e0b-a0c2-52bb9e4a01fb",
      "type": 0,
      "status": 1,
      "maxTurns": 500,
      "map": "685cec8c-8426-4dc4-b9e7-f6ae3bc27ef1",
      "network": {
        "host": "127.0.0.1",
        "port": 9142
      },
      "timestamp": "2018-05-22T21:01:46.707Z",
      "logPath": "/home/wout/.config/Electron/data/matches/84e32038-9a95-4e0b-a0c2-52bb9e4a01fb.json",
      "players": [
        {
          "type": "Internal",
          "token": "7bbcd2d3a4b38bd51ac3c2e4b3bdd0f4b7fec831752c21345ee0631507fc5bd0",
          "botId": "1aae4581-2831-4764-81fe-2e9448be8e3d",
          "name": "FlesVleermuisBot",
          "connected": true
        },
        {
          "type": "Internal",
          "token": "cbd9c50cc47ff9f5e02144a78d647d90fa07ba8ff5ceb9ed9f992d99fd257954",
          "botId": "8395d9b0-a92c-44ea-b3ba-463961e73e0d",
          "name": "SimpleBot 2",
          "connected": true
        },
        {
          "type": "External",
          "token": "9edaeb8ff7333cf905061e739b13132405ddaa9f17056fd340980514ea1e17eb",
          "name": "Mr. Daniele Mannini",
          "connected": false
        },
        {
          "type": "External",
          "token": "2854de0a17122bdfb4b5d1ae430ef00eddd43fe12b0e6ef758944ce045f05a19",
          "name": "Mr. Cristiano Conforti",
          "connected": false
        },
        {
          "type": "External",
          "token": "f5f120a302df7c3f136a2e660b69eb7fa9401ad156985034a836c0b98cffbf8b",
          "name": "Dr. Duccio Rettori",
          "connected": false
        },
        {
          "type": "External",
          "token": "9ad37df4b75c4dbab511b1849b460bcf519271476e3eee2f536054d8eb01d261",
          "name": "Dr. Nella Forconi",
          "connected": false
        },
        {
          "type": "External",
          "token": "b1cdb498cc5331ce2e37451ead72c324c26a3cfb31db929afad17138a50dcddf",
          "name": "Miss Piera Ciampi",
          "connected": false
        },
        {
          "type": "External",
          "token": "8097bcbd386e609b5b4b2ea0313a196e2dccf9ba8ec1c04f7dd2280930dca4c7",
          "name": "Mrs. Jessica Cresti",
          "connected": false
        }
      ],
      "stats": {
        "winners": [
          2
        ],
        "score": {
          "1": 124,
          "2": 2119
        }
      }
    },
    "ded53e31-0c33-4727-9f52-b64922b9262d": {
      "uuid": "ded53e31-0c33-4727-9f52-b64922b9262d",
      "type": 0,
      "status": 1,
      "maxTurns": 500,
      "map": "685cec8c-8426-4dc4-b9e7-f6ae3bc27ef1",
      "network": {
        "host": "127.0.0.1",
        "port": 9142
      },
      "timestamp": "2018-05-22T21:03:23.006Z",
      "logPath": "/home/wout/.config/Electron/data/matches/ded53e31-0c33-4727-9f52-b64922b9262d.json",
      "players": [
        {
          "type": "Internal",
          "token": "42fd815e42ba71a401ecc20cadf3476826eff5e5187573c9e43323cfc92468e1",
          "botId": "8395d9b0-a92c-44ea-b3ba-463961e73e0d",
          "name": "SimpleBot 2",
          "connected": true
        },
        {
          "type": "Internal",
          "token": "f013ab209d8d95cfbf856c8ee1e7984e0a14bb9aa99159a0fc09291eb332a1c3",
          "botId": "1aae4581-2831-4764-81fe-2e9448be8e3d",
          "name": "FlesVleermuisBot",
          "connected": true
        },
        {
          "type": "External",
          "token": "df9bbdbfb83e90392d3024d1bd3a08138412e38b666113e028cdc13bce3cb176",
          "name": "Mr. Ubaldo Borgioli",
          "connected": false
        },
        {
          "type": "External",
          "token": "f44dddb23f3b5f1b3021b07295c462a4b12bb372416de6d619effcd1cbc82505",
          "name": "Dr. Luca Parisi",
          "connected": false
        },
        {
          "type": "External",
          "token": "6fde13f30dcecb3136551902a2059edece6b2d4e099aa870800e58bf650d4980",
          "name": "Mr. Fabio Cresti",
          "connected": false
        },
        {
          "type": "External",
          "token": "40ce5e85c604582b46a57569d30db68c5891b94f5800ed70e7edd9222832bd74",
          "name": "Dr. Giulia Cipriani",
          "connected": false
        },
        {
          "type": "External",
          "token": "851c730b0c96eef3aef529cf9682b49bbb2561d7d0fb56dcdf34460aba66e206",
          "name": "Dr. Matteo Manfredi",
          "connected": false
        },
        {
          "type": "External",
          "token": "f9605fb65c1ffe91e21c395d45d8cc3dd4d2c7a28fa05fc9fecad48fe0a969e1",
          "name": "Dr. Iolanda Scali",
          "connected": false
        }
      ],
      "stats": {
        "winners": [
          1
        ],
        "score": {
          "1": 4787,
          "2": 1306
        }
      }
    },
    "ed02d1ae-9990-425e-b84e-a2d06c5933c2": {
      "uuid": "ed02d1ae-9990-425e-b84e-a2d06c5933c2",
      "type": 0,
      "status": 1,
      "maxTurns": 500,
      "map": "e60ca934-3671-4cb9-a8f0-851343a44189",
      "network": {
        "host": "127.0.0.1",
        "port": 9142
      },
      "timestamp": "2018-05-22T21:05:08.428Z",
      "logPath": "/home/wout/.config/Electron/data/matches/ed02d1ae-9990-425e-b84e-a2d06c5933c2.json",
      "players": [
        {
          "type": "Internal",
          "token": "c1bb192200df1fd4243cb705db91279f19dc2742de971fab029882b2d0350803",
          "botId": "0396add8-67f2-4288-baab-f205cba09de4",
          "name": "Crushbot",
          "connected": true
        },
        {
          "type": "Internal",
          "token": "b66814c95000219b675d0b95a91f970244fafb926012cd2263aa02d345051b55",
          "botId": "cc3ba06b-bb0b-4e05-a706-fdcf6f8b78f3",
          "name": "TestBot",
          "connected": true
        }
      ],
      "stats": {
        "winners": [
          2
        ],
        "score": {
          "1": 28,
          "2": 59
        }
      }
    },
    "d06e1ad8-d9a6-45af-910e-1d5d98cb6760": {
      "uuid": "d06e1ad8-d9a6-45af-910e-1d5d98cb6760",
      "type": 0,
      "status": 1,
      "maxTurns": 500,
      "map": "518ecb74-a81a-4d95-9f29-d217205466bc",
      "network": {
        "host": "127.0.0.1",
        "port": 9142
      },
      "timestamp": "2018-05-22T21:07:35.611Z",
      "logPath": "/home/wout/.config/Electron/data/matches/d06e1ad8-d9a6-45af-910e-1d5d98cb6760.json",
      "players": [
        {
          "type": "Internal",
          "token": "956b07108928e5ad39a0787d4da56329a4ebaf08d402296b212cc190ae9977ef",
          "botId": "0396add8-67f2-4288-baab-f205cba09de4",
          "name": "Crushbot",
          "connected": true
        },
        {
          "type": "Internal",
          "token": "2f443d9c728aeba166b251f2b1b26231bfe102fe26259668a32f0bcca8f15aa8",
          "botId": "cc3ba06b-bb0b-4e05-a706-fdcf6f8b78f3",
          "name": "TestBot",
          "connected": true
        },
        {
          "type": "External",
          "token": "72c4bcf2e1b8eaf805eabe7d68cf3c8c1c2dd3330171101fd73c17a4d49f017e",
          "name": "Dr. Otello Fanfani",
          "connected": false
        },
        {
          "type": "External",
          "token": "0be3dbabb95881cc0149432ea4d8613a8a57e3a8a2ae48d9d4cf4899465a058e",
          "name": "Dr. Lucia Turchi",
          "connected": false
        }
      ],
      "stats": {
        "winners": [
          1
        ],
        "score": {
          "1": 23,
          "2": 11
        }
      }
    },
    "0dbe1116-aac2-451f-9129-e9b7005d0cf0": {
      "uuid": "0dbe1116-aac2-451f-9129-e9b7005d0cf0",
      "type": 0,
      "status": 2,
      "maxTurns": 500,
      "map": "685cec8c-8426-4dc4-b9e7-f6ae3bc27ef1",
      "network": {
        "host": "127.0.0.1",
        "port": 9142
      },
      "timestamp": "2018-05-22T21:09:15.201Z",
      "logPath": "/home/wout/.config/Electron/data/matches/0dbe1116-aac2-451f-9129-e9b7005d0cf0.json",
      "players": [
        {
          "type": "Internal",
          "token": "60b649dce14ccc2bc24691810fab4d515dbcc2c2c59fa526c5e1aabd72dde0d1",
          "botId": "0396add8-67f2-4288-baab-f205cba09de4",
          "name": "Crushbot",
          "connected": true
        },
        {
          "type": "Internal",
          "token": "2cdfd77ef4de9a3cb5a96551f0230db77223c091e6a0cd57bd1d9d151cddb58b",
          "botId": "cc3ba06b-bb0b-4e05-a706-fdcf6f8b78f3",
          "name": "TestBot",
          "connected": true
        },
        {
          "type": "External",
          "token": "ed630ac9c5ad49dde250e34c504e8cb66dbbeb03ed1860058acd78d63cf5397b",
          "name": "Dr. Enrico Simoni",
          "connected": false
        },
        {
          "type": "External",
          "token": "fc220134f5dd5b8d3469123e427a4967103365b5de49f78bb4c27f73f1f23a14",
          "name": "Miss Chiara Fiesoli",
          "connected": false
        },
        {
          "type": "External",
          "token": "642d891109e45fdc8112a4a026b4f155c0bf731f0b2757c58e7454559dc85c0d",
          "name": "Dr. Ferdinando Cianferoni",
          "connected": false
        },
        {
          "type": "External",
          "token": "df097d22337f75fc0453e9e46587f2e9079a1daf025e2c44576c61b419dc4248",
          "name": "Dr. Gianmarco Mazzocchi",
          "connected": false
        },
        {
          "type": "External",
          "token": "c9336d91009bdb60a284e9e2fcc8a6b7e53d7f15a6fe0e66dc3217ab2feb4a9f",
          "name": "Dr. Jacopo Magni",
          "connected": false
        },
        {
          "type": "External",
          "token": "9bc6981288b85bf6bce51aac93f1883d8f614fef57bb5f24af019174c1b69e00",
          "name": "Dr. Milena Xu",
          "connected": false
        }
      ],
      "error": "server exited with code null"
    },
    "907f3afe-52c8-46e1-8884-77d48ee25d80": {
      "uuid": "907f3afe-52c8-46e1-8884-77d48ee25d80",
      "type": 0,
      "status": 2,
      "maxTurns": 500,
      "map": "685cec8c-8426-4dc4-b9e7-f6ae3bc27ef1",
      "network": {
        "host": "127.0.0.1",
        "port": 9142
      },
      "timestamp": "2018-05-22T21:15:37.347Z",
      "logPath": "/home/wout/.config/Electron/data/matches/907f3afe-52c8-46e1-8884-77d48ee25d80.json",
      "players": [
        {
          "type": "Internal",
          "token": "af93ffe51069c44bf17adf4d9b74745e8b290f554fc731987733ff2b8bc3aabc",
          "botId": "0396add8-67f2-4288-baab-f205cba09de4",
          "name": "Crushbot",
          "connected": true
        },
        {
          "type": "Internal",
          "token": "e339778b1299a8530a21d6190df625fc4d3d22c548df2ef05363906a3dfa773e",
          "botId": "cc3ba06b-bb0b-4e05-a706-fdcf6f8b78f3",
          "name": "TestBot",
          "connected": true
        },
        {
          "type": "External",
          "token": "8371519bbc1407916d10229e253f6ad4c34d4c3b6aabc88914b013edb36804b3",
          "name": "Mr. Silvano Pratellesi",
          "connected": false
        },
        {
          "type": "External",
          "token": "1823dc9e86c3b8961bc394d43ab33359ed644d292e37d8f976e15c5a6e00573f",
          "name": "Mr. Massimiliano Franchi",
          "connected": false
        },
        {
          "type": "External",
          "token": "4fd51079633ae4c723b81f20cd47ed9cbd7e0befea5e78d19c4d78915b3bb810",
          "name": "Mr. Jacopo Corti",
          "connected": false
        },
        {
          "type": "External",
          "token": "428ffcf6d9421f77cf38cda39571fb65620bfbe287e05a7b641e7f77972b457e",
          "name": "Miss Cecilia Bucci",
          "connected": false
        },
        {
          "type": "External",
          "token": "355a094542399fa423a079de6a30b7135d1424bed6cdf4b95f354d0bba4634ca",
          "name": "Dr. Mauro Chiarelli",
          "connected": false
        },
        {
          "type": "External",
          "token": "52147c8158e4c158f607c31bed1ed77de13933fb79b67091fe8415d1b2d9f554",
          "name": "Dr. Sergio Danti",
          "connected": false
        }
      ],
      "error": "server exited with code null"
    },
    "ad5f07f6-e0fe-4b9d-8b1a-aa919c495a27": {
      "uuid": "ad5f07f6-e0fe-4b9d-8b1a-aa919c495a27",
      "type": 0,
      "status": 1,
      "maxTurns": 500,
      "map": "e60ca934-3671-4cb9-a8f0-851343a44189",
      "network": {
        "host": "127.0.0.1",
        "port": 9142
      },
      "timestamp": "2018-05-22T21:17:02.750Z",
      "logPath": "/home/wout/.config/Electron/data/matches/ad5f07f6-e0fe-4b9d-8b1a-aa919c495a27.json",
      "players": [
        {
          "type": "Internal",
          "token": "2fd729a3910c1ab1330ece5e03632eb518eab2cfbc8db80b312993e53c9c53a1",
          "botId": "e4c53fcd-9b36-4332-9056-db0eb939a8c0",
          "name": "BoldyElite",
          "connected": true
        },
        {
          "type": "Internal",
          "token": "4b547ddebe4d813b67f87e9796f648d24c6e4885c578b7585884dc909e3aceb7",
          "botId": "1aae4581-2831-4764-81fe-2e9448be8e3d",
          "name": "FlesVleermuisBot",
          "connected": true
        }
      ],
      "stats": {
        "winners": [
          2
        ],
        "score": {
          "1": 44,
          "2": 112
        }
      }
    },
    "f6e48de2-80c9-4e26-a1de-43a8901b5852": {
      "uuid": "f6e48de2-80c9-4e26-a1de-43a8901b5852",
      "type": 0,
      "status": 1,
      "maxTurns": 500,
      "map": "518ecb74-a81a-4d95-9f29-d217205466bc",
      "network": {
        "host": "127.0.0.1",
        "port": 9142
      },
      "timestamp": "2018-05-22T21:19:06.091Z",
      "logPath": "/home/wout/.config/Electron/data/matches/f6e48de2-80c9-4e26-a1de-43a8901b5852.json",
      "players": [
        {
          "type": "Internal",
          "token": "952b55fd8686b705ae30383d6deae3d305283247deeee44c889017cc9a50d301",
          "botId": "e4c53fcd-9b36-4332-9056-db0eb939a8c0",
          "name": "BoldyElite",
          "connected": true
        },
        {
          "type": "Internal",
          "token": "523e4f7cd724d661fac1227cbf8742a8305ffb82fd4be2b434141aef6ffc08b2",
          "botId": "1aae4581-2831-4764-81fe-2e9448be8e3d",
          "name": "FlesVleermuisBot",
          "connected": true
        },
        {
          "type": "External",
          "token": "65ad2367b5fc52ba44f8a26661212c48256d80b01ede7daa5537d8f8c153224e",
          "name": "Dr. Milena Lepri",
          "connected": false
        },
        {
          "type": "External",
          "token": "56ee2f7fc7155d67ec7f33cf752efa8dc44662d4ba0c32f8500deb8e225d305b",
          "name": "Mrs. Nella Comparini",
          "connected": false
        }
      ],
      "stats": {
        "winners": [
          2
        ],
        "score": {
          "1": 972,
          "2": 2433
        }
      }
    },
    "ac358515-e553-454a-9846-1e1f78b7502b": {
      "uuid": "ac358515-e553-454a-9846-1e1f78b7502b",
      "type": 0,
      "status": 1,
      "maxTurns": 500,
      "map": "e60ca934-3671-4cb9-a8f0-851343a44189",
      "network": {
        "host": "127.0.0.1",
        "port": 9142
      },
      "timestamp": "2018-05-22T21:22:48.269Z",
      "logPath": "/home/wout/.config/Electron/data/matches/ac358515-e553-454a-9846-1e1f78b7502b.json",
      "players": [
        {
          "type": "Internal",
          "token": "a903fd67690751e40a03f44f2e34f6388baa44a4cd0e0905131d488056dc8684",
          "botId": "5ef61729-d7a8-4c66-869a-525aa656d71f",
          "name": "Carlos",
          "connected": true
        },
        {
          "type": "Internal",
          "token": "74488a95f9ae95a4881e06edadb59c616c597ffa0d886732197e9f8424412ead",
          "botId": "0a4e6406-e088-4358-8655-085958edd1f7",
          "name": "SimpleBot 1",
          "connected": true
        }
      ],
      "stats": {
        "winners": [
          1
        ],
        "score": {
          "1": 58,
          "2": 16
        }
      }
    },
    "b297b113-f3f1-47d9-bf1b-173f5629838a": {
      "uuid": "b297b113-f3f1-47d9-bf1b-173f5629838a",
      "type": 0,
      "status": 1,
      "maxTurns": 500,
      "map": "e60ca934-3671-4cb9-a8f0-851343a44189",
      "network": {
        "host": "127.0.0.1",
        "port": 9142
      },
      "timestamp": "2018-05-22T21:24:02.743Z",
      "logPath": "/home/wout/.config/Electron/data/matches/b297b113-f3f1-47d9-bf1b-173f5629838a.json",
      "players": [
        {
          "type": "Internal",
          "token": "0fb4fe0f08c4893029ada0d8a3714b12f37c91944458a06c0d6db34bb17040a5",
          "botId": "5ef61729-d7a8-4c66-869a-525aa656d71f",
          "name": "Carlos",
          "connected": true
        },
        {
          "type": "Internal",
          "token": "83edee2e77d5e942b782ae7982027b00acfc559d2cce2b50c7af70143239412f",
          "botId": "0a4e6406-e088-4358-8655-085958edd1f7",
          "name": "SimpleBot 1",
          "connected": true
        }
      ],
      "stats": {
        "winners": [
          1
        ],
        "score": {
          "1": 61,
          "2": 16
        }
      }
    },
    "ea30eca1-7b8d-4007-aaca-bc16f48cbafb": {
      "uuid": "ea30eca1-7b8d-4007-aaca-bc16f48cbafb",
      "type": 0,
      "status": 1,
      "maxTurns": 500,
      "map": "e60ca934-3671-4cb9-a8f0-851343a44189",
      "network": {
        "host": "127.0.0.1",
        "port": 9142
      },
      "timestamp": "2018-05-22T21:25:25.282Z",
      "logPath": "/home/wout/.config/Electron/data/matches/ea30eca1-7b8d-4007-aaca-bc16f48cbafb.json",
      "players": [
        {
          "type": "Internal",
          "token": "8d3928b6d5a7aa08142f17119d6fa22704e8a4ba879a49004eeb3cf4302df3e7",
          "botId": "0396add8-67f2-4288-baab-f205cba09de4",
          "name": "Crushbot",
          "connected": true
        },
        {
          "type": "Internal",
          "token": "97e08aae294959490cde1c7525f3b4f1271d0b488bda39ca84bff4d0082d6522",
          "botId": "cc3ba06b-bb0b-4e05-a706-fdcf6f8b78f3",
          "name": "TestBot",
          "connected": true
        }
      ],
      "stats": {
        "winners": [
          2
        ],
        "score": {
          "1": 28,
          "2": 59
        }
      }
    },
    "a8e3f684-a75d-4d27-804c-5c2d092b8909": {
      "uuid": "a8e3f684-a75d-4d27-804c-5c2d092b8909",
      "type": 0,
      "status": 1,
      "maxTurns": 500,
      "map": "685cec8c-8426-4dc4-b9e7-f6ae3bc27ef1",
      "network": {
        "host": "127.0.0.1",
        "port": 9142
      },
      "timestamp": "2018-05-22T21:26:43.951Z",
      "logPath": "/home/wout/.config/Electron/data/matches/a8e3f684-a75d-4d27-804c-5c2d092b8909.json",
      "players": [
        {
          "type": "Internal",
          "token": "fe40d906a131b9a92db189b653f708537c31fc6ca11995e24fc6259dbcbe2046",
          "botId": "e4c53fcd-9b36-4332-9056-db0eb939a8c0",
          "name": "BoldyElite",
          "connected": true
        },
        {
          "type": "Internal",
          "token": "b9dfe969c333f8935660b915977644a5b7c41cecdafd6996c57d9dbd9fc255dc",
          "botId": "1aae4581-2831-4764-81fe-2e9448be8e3d",
          "name": "FlesVleermuisBot",
          "connected": true
        },
        {
          "type": "External",
          "token": "10a2d4321e36e5fdc564739c02ac82529856f6122c51aef7a67752114cc98002",
          "name": "Dr. Bruno Lotti",
          "connected": false
        },
        {
          "type": "External",
          "token": "70deab6cdaca59a998e26eacdb918fd42f026946d453ff027a26c733f1078eb1",
          "name": "Mr. Silvano Zanobini",
          "connected": false
        },
        {
          "type": "External",
          "token": "72daf99d5a309d16d68ee382d9a7bb809c101e0fab1ab470c9e8a5d5511da908",
          "name": "Dr. Angiolo Naldini",
          "connected": false
        },
        {
          "type": "External",
          "token": "bf5883cd4f3f28a8077b3476d39871944705f700f59bb816fdf367d84caa8c2d",
          "name": "Mr. Enrico Bessi",
          "connected": false
        },
        {
          "type": "External",
          "token": "ccabafa3285b5e622a90648f522bec5b454ecc1e41ab3618a02c0cf6fd6d14f7",
          "name": "Dr. Simone Barducci",
          "connected": false
        },
        {
          "type": "External",
          "token": "25e014031102e03f444fbcdf1ba388eec5ad0407399ef5feb3b963d419f7c2d4",
          "name": "Dr. Davide Bini",
          "connected": false
        }
      ],
      "stats": {
        "winners": [
          1
        ],
        "score": {
          "1": 3226,
          "2": 1342
        }
      }
    },
    "f8adcbbc-d3e2-4ade-840f-96c2e9a95d3d": {
      "uuid": "f8adcbbc-d3e2-4ade-840f-96c2e9a95d3d",
      "type": 0,
      "status": 1,
      "maxTurns": 500,
      "map": "e60ca934-3671-4cb9-a8f0-851343a44189",
      "network": {
        "host": "127.0.0.1",
        "port": 9142
      },
      "timestamp": "2018-05-22T21:31:47.333Z",
      "logPath": "/home/wout/.config/Electron/data/matches/f8adcbbc-d3e2-4ade-840f-96c2e9a95d3d.json",
      "players": [
        {
          "type": "Internal",
          "token": "5b4a75af54c783e357e87bee165a4631ae9d5c610169e2e0dfcaddddc878e02a",
          "botId": "5ef61729-d7a8-4c66-869a-525aa656d71f",
          "name": "Carlos",
          "connected": true
        },
        {
          "type": "Internal",
          "token": "042aaff28627a5c27c34d1a73eb3ab87246029a3fd07859904dd454fcac6ddc3",
          "botId": "0a4e6406-e088-4358-8655-085958edd1f7",
          "name": "SimpleBot 1",
          "connected": true
        }
      ],
      "stats": {
        "winners": [
          1
        ],
        "score": {
          "1": 61,
          "2": 16
        }
      }
    },
    "40c0151d-7787-41d0-ae40-6770ae6bc548": {
      "uuid": "40c0151d-7787-41d0-ae40-6770ae6bc548",
      "type": 0,
      "status": 2,
      "maxTurns": 500,
      "map": "518ecb74-a81a-4d95-9f29-d217205466bc",
      "network": {
        "host": "127.0.0.1",
        "port": 9142
      },
      "timestamp": "2018-05-22T21:32:50.771Z",
      "logPath": "/home/wout/.config/Electron/data/matches/40c0151d-7787-41d0-ae40-6770ae6bc548.json",
      "players": [
        {
          "type": "Internal",
          "token": "8550cdb62789e17b0a56186897252b11a363d0f9950b637294008149aec2debe",
          "botId": "5ef61729-d7a8-4c66-869a-525aa656d71f",
          "name": "Carlos",
          "connected": true
        },
        {
          "type": "Internal",
          "token": "766d4e087a544e31b3a64121b2cee61ff391954336c78a96ebac06f86402131d",
          "botId": "0a4e6406-e088-4358-8655-085958edd1f7",
          "name": "SimpleBot 1",
          "connected": true
        },
        {
          "type": "External",
          "token": "7d2f2ee56ef600cebf805371edd5a6e239e9da91287dd23d83b4b448a84c2f8d",
          "name": "Mrs. Francesca Manfredi",
          "connected": false
        },
        {
          "type": "External",
          "token": "279b994dc55edc1c2f822f6daac87b56416045c2c1ef819f96a10be63e880665",
          "name": "Mrs. Vilma Sanesi",
          "connected": false
        }
      ],
      "error": "server exited with code null"
    },
    "ad2d9143-317d-4f48-b89b-8926898bf654": {
      "uuid": "ad2d9143-317d-4f48-b89b-8926898bf654",
      "type": 0,
      "status": 1,
      "maxTurns": 500,
      "map": "cd974a9e-8483-4216-a6e6-9d9a849efd71",
      "network": {
        "host": "127.0.0.1",
        "port": 9142
      },
      "timestamp": "2018-05-22T21:35:48.232Z",
      "logPath": "/home/wout/.config/Electron/data/matches/ad2d9143-317d-4f48-b89b-8926898bf654.json",
      "players": [
        {
          "type": "Internal",
          "token": "27ec9ddbf3cc67f416ddd5f353152f91e8209edd4858b2c49ad2eb441325bb2d",
          "botId": "5ef61729-d7a8-4c66-869a-525aa656d71f",
          "name": "Carlos",
          "connected": true
        },
        {
          "type": "Internal",
          "token": "5344b38fb3e9af5abc3f9c2405b12a389a27c5f9dccb24133167ebc9e8b75d72",
          "botId": "0a4e6406-e088-4358-8655-085958edd1f7",
          "name": "SimpleBot 1",
          "connected": true
        }
      ],
      "stats": {
        "winners": [
          2
        ],
        "score": {
          "1": 355,
          "2": 9349
        }
      }
    },
    "71273282-a1df-40f5-be75-4eebdfb2175b": {
      "uuid": "71273282-a1df-40f5-be75-4eebdfb2175b",
      "type": 0,
      "status": 1,
      "maxTurns": 500,
      "map": "e60ca934-3671-4cb9-a8f0-851343a44189",
      "network": {
        "host": "127.0.0.1",
        "port": "9143"
      },
      "timestamp": "2018-05-22T21:37:11.728Z",
      "logPath": "/home/wout/.config/Electron/data/matches/71273282-a1df-40f5-be75-4eebdfb2175b.json",
      "players": [
        {
          "type": "Internal",
          "token": "f613d70e6ff30b8e88ea8608181466261a486855419afa29a84dc60ef7a73220",
          "botId": "cc3ba06b-bb0b-4e05-a706-fdcf6f8b78f3",
          "name": "TestBot",
          "connected": true
        },
        {
          "type": "Internal",
          "token": "5f6b9aabf2182325a2fb3bb5ffb9d99a057b66a941cb96e891ccec178b30d10d",
          "botId": "1aae4581-2831-4764-81fe-2e9448be8e3d",
          "name": "FlesVleermuisBot",
          "connected": true
        }
      ],
      "stats": {
        "winners": [
          2
        ],
        "score": {
          "1": 66,
          "2": 167
        }
      }
    },
    "ec6b388e-2785-4d9d-bd6d-5577fa8113de": {
      "uuid": "ec6b388e-2785-4d9d-bd6d-5577fa8113de",
      "type": 0,
      "status": 1,
      "maxTurns": 500,
      "map": "518ecb74-a81a-4d95-9f29-d217205466bc",
      "network": {
        "host": "127.0.0.1",
        "port": "9144"
      },
      "timestamp": "2018-05-22T21:38:42.128Z",
      "logPath": "/home/wout/.config/Electron/data/matches/ec6b388e-2785-4d9d-bd6d-5577fa8113de.json",
      "players": [
        {
          "type": "Internal",
          "token": "0899bec426f4c1a1e9767fd535ac65fd57287fa1e565bdeb0022dcd785d3838a",
          "botId": "cc3ba06b-bb0b-4e05-a706-fdcf6f8b78f3",
          "name": "TestBot",
          "connected": true
        },
        {
          "type": "Internal",
          "token": "bbf22f80835ce63c0692e068a1e09b8b03130bbc96afdc814860aef982b5b2fd",
          "botId": "1aae4581-2831-4764-81fe-2e9448be8e3d",
          "name": "FlesVleermuisBot",
          "connected": true
        },
        {
          "type": "External",
          "token": "6c0351e1a9e784c3081bb7d8a2e46dc433a3008ce8bba307de8488e551eca748",
          "name": "Dr. Chiara Vettori",
          "connected": false
        },
        {
          "type": "External",
          "token": "08f659ae754b75afc47bb01affb6eb0f0ce48e3f2b91134f724af38c4ab4a680",
          "name": "Dr. Mirko Bettini",
          "connected": false
        }
      ],
      "stats": {
        "winners": [
          2
        ],
        "score": {
          "1": 54,
          "2": 273
        }
      }
    },
    "2bdbda0c-1b4d-4212-955f-c549b83750bb": {
      "uuid": "2bdbda0c-1b4d-4212-955f-c549b83750bb",
      "type": 0,
      "status": 1,
      "maxTurns": 500,
      "map": "685cec8c-8426-4dc4-b9e7-f6ae3bc27ef1",
      "network": {
        "host": "127.0.0.1",
        "port": "9145"
      },
      "timestamp": "2018-05-22T21:40:10.874Z",
      "logPath": "/home/wout/.config/Electron/data/matches/2bdbda0c-1b4d-4212-955f-c549b83750bb.json",
      "players": [
        {
          "type": "Internal",
          "token": "f3288edeb08243637f5ed31aa3d919c08c019d9709025f76387eb6885013cf09",
          "botId": "1aae4581-2831-4764-81fe-2e9448be8e3d",
          "name": "FlesVleermuisBot",
          "connected": true
        },
        {
          "type": "Internal",
          "token": "f30b021ee6fe800b27d078b9d783e38332fb3081aef55c9f197731ed245d759b",
          "botId": "cc3ba06b-bb0b-4e05-a706-fdcf6f8b78f3",
          "name": "TestBot",
          "connected": true
        },
        {
          "type": "External",
          "token": "7313557f107ad3022cfbb3b704c2ffa28d3b6f3ecd064fea31ace3975744a57d",
          "name": "Mrs. Jessica Casalini",
          "connected": false
        },
        {
          "type": "External",
          "token": "b59901f1024f3b6a817490f7837bc2a95e2e554210b57c1366e90edea1252afc",
          "name": "Mr. Corrado Alinari",
          "connected": false
        },
        {
          "type": "External",
          "token": "8141e6486928533aed115bc20cc4c27ac2a99704435474a59d5177dc7ffe42f7",
          "name": "Dr. Gianni Manetti",
          "connected": false
        },
        {
          "type": "External",
          "token": "da8999a812e74e5f0b9ee86eac05a877ef6cf6bbe49a110c99e5a17fccf32fee",
          "name": "Dr. Diego Agostini",
          "connected": false
        },
        {
          "type": "External",
          "token": "73c6e808874eefccf06cfa6b5db5814763785bd67256f1dc32f81ee790441af9",
          "name": "Dr. Emanuela Romei",
          "connected": false
        },
        {
          "type": "External",
          "token": "41edf177bd07d69696c5b4f0742ffea5e5c8de808b6befee9a2e1b7e31104ccd",
          "name": "Dr. Susanna Gargani",
          "connected": false
        }
      ],
      "stats": {
        "winners": [
          1
        ],
        "score": {
          "1": 2775,
          "2": 684
        }
      }
    },
    "e751e46f-f1ff-47ca-bfa5-9ed8804e086d": {
      "uuid": "e751e46f-f1ff-47ca-bfa5-9ed8804e086d",
      "type": 0,
      "status": 1,
      "maxTurns": 500,
      "map": "e60ca934-3671-4cb9-a8f0-851343a44189",
      "network": {
        "host": "127.0.0.1",
        "port": 9142
      },
      "timestamp": "2018-05-22T21:42:57.395Z",
      "logPath": "/home/wout/.config/Electron/data/matches/e751e46f-f1ff-47ca-bfa5-9ed8804e086d.json",
      "players": [
        {
          "type": "Internal",
          "token": "7de94c48815c4c2c937ed91f37dd2be5252357a78a4963263097fdfef5b1c298",
          "botId": "0396add8-67f2-4288-baab-f205cba09de4",
          "name": "Crushbot",
          "connected": true
        },
        {
          "type": "Internal",
          "token": "2a28ee0d34af02142d4817b566ef3eb4ce6e3481d665bc0ddc1dac1cac459567",
          "botId": "e4c53fcd-9b36-4332-9056-db0eb939a8c0",
          "name": "BoldyElite",
          "connected": true
        }
      ],
      "stats": {
        "winners": [
          2
        ],
        "score": {
          "1": 43,
          "2": 119
        }
      }
    },
    "130d2747-194e-4a4e-af4c-6e42559abd3d": {
      "uuid": "130d2747-194e-4a4e-af4c-6e42559abd3d",
      "type": 0,
      "status": 1,
      "maxTurns": 500,
      "map": "518ecb74-a81a-4d95-9f29-d217205466bc",
      "network": {
        "host": "127.0.0.1",
        "port": 9142
      },
      "timestamp": "2018-05-22T21:45:52.698Z",
      "logPath": "/home/wout/.config/Electron/data/matches/130d2747-194e-4a4e-af4c-6e42559abd3d.json",
      "players": [
        {
          "type": "Internal",
          "token": "8f0292b98e32cf24371741c78cb3f02acbe0e914af72d122aa179c6a9e02e7dc",
          "botId": "e4c53fcd-9b36-4332-9056-db0eb939a8c0",
          "name": "BoldyElite",
          "connected": true
        },
        {
          "type": "Internal",
          "token": "caa4adbf37c88fe93f1b04dab415e59480248d97dbe11b336d1c4924966af4f5",
          "botId": "0396add8-67f2-4288-baab-f205cba09de4",
          "name": "Crushbot",
          "connected": true
        },
        {
          "type": "External",
          "token": "9e80fa2c7528a34c7ede9a64850ee814a56632f9fd838a5c5d19878948d375ad",
          "name": "Dr. Stefano Maggini",
          "connected": false
        },
        {
          "type": "External",
          "token": "38b2fedf2532be666bf8d2baa12806c932f82ef434ce81859adc45bbf9805fe5",
          "name": "Mr. Vasco Grazzini",
          "connected": false
        }
      ],
      "stats": {
        "winners": [
          2
        ],
        "score": {
          "1": 22,
          "2": 26
        }
      }
    },
    "750d7617-07e3-4b53-ab15-e1a3b11901e4": {
      "uuid": "750d7617-07e3-4b53-ab15-e1a3b11901e4",
      "type": 0,
      "status": 2,
      "maxTurns": 500,
      "map": "685cec8c-8426-4dc4-b9e7-f6ae3bc27ef1",
      "network": {
        "host": "127.0.0.1",
        "port": 9142
      },
      "timestamp": "2018-05-22T21:48:53.574Z",
      "logPath": "/home/wout/.config/Electron/data/matches/750d7617-07e3-4b53-ab15-e1a3b11901e4.json",
      "players": [
        {
          "type": "Internal",
          "token": "363425364fc9ede4e4140d3241f992d00f1df4ec7d6978aafc64666911339955",
          "botId": "e4c53fcd-9b36-4332-9056-db0eb939a8c0",
          "name": "BoldyElite",
          "connected": true
        },
        {
          "type": "Internal",
          "token": "1e5a940ca010d04d86697b344046c1bc21174609af3bf4207123befe918092b9",
          "botId": "0396add8-67f2-4288-baab-f205cba09de4",
          "name": "Crushbot",
          "connected": true
        },
        {
          "type": "External",
          "token": "fb360506806b4d4a01a53f5b7669266aedef4bca7d47c18921992bbdeb3d3c1b",
          "name": "Mr. Cristiano Zagli",
          "connected": false
        },
        {
          "type": "External",
          "token": "b839683029087a1ef1c4b94992ef728d69fe1fdd2b34855a682de616a7902d78",
          "name": "Dr. Duccio Calabrese",
          "connected": false
        },
        {
          "type": "External",
          "token": "f6f5295585791e84ecf590938731a33d1a10814d30bc099a3d20d2aadc48c000",
          "name": "Dr. Francesco Brunelli",
          "connected": false
        },
        {
          "type": "External",
          "token": "1df4d7f8908a982f23f74c001cfa201a3309429e1230f11d6c66005ec673aa54",
          "name": "Mr. Raffaele Niccolai",
          "connected": false
        },
        {
          "type": "External",
          "token": "93793cbad2bdc009dffb1fbbe3b411ccc446d2617cc8bfadf5f158d8597165f9",
          "name": "Dr. Lucrezia Toti",
          "connected": false
        },
        {
          "type": "External",
          "token": "bc8fdf9eecefadbf5a4c5fc340158b53c5a23bdcdaffcfc002042e9e44de4ea7",
          "name": "Dr. Marino Singh",
          "connected": false
        }
      ],
      "error": "server exited with code null"
    },
    "3544d6f4-fdc6-4dde-86b6-9e2fcb25b3e3": {
      "uuid": "3544d6f4-fdc6-4dde-86b6-9e2fcb25b3e3",
      "type": 0,
      "status": 1,
      "maxTurns": 500,
      "map": "e60ca934-3671-4cb9-a8f0-851343a44189",
      "network": {
        "host": "127.0.0.1",
        "port": "9143"
      },
      "timestamp": "2018-05-22T21:54:15.964Z",
      "logPath": "/home/wout/.config/Electron/data/matches/3544d6f4-fdc6-4dde-86b6-9e2fcb25b3e3.json",
      "players": [
        {
          "type": "Internal",
          "token": "735a34baedcaa2dc9ab7ff553d2d15d909d2c6a5325fd77131a1092e51ebb22b",
          "botId": "0a4e6406-e088-4358-8655-085958edd1f7",
          "name": "SimpleBot 1",
          "connected": true
        },
        {
          "type": "Internal",
          "token": "010654f7a3ac73b14e7ef23e442dd613c75d46e5cb0c343a0fc34fd1ca0fc7d7",
          "botId": "5ef61729-d7a8-4c66-869a-525aa656d71f",
          "name": "Carlos",
          "connected": true
        }
      ],
      "stats": {
        "winners": [
          2
        ],
        "score": {
          "1": 41,
          "2": 125
        }
      }
    },
    "716271f5-540a-4271-82ac-22992019d9c2": {
      "uuid": "716271f5-540a-4271-82ac-22992019d9c2",
      "type": 0,
      "status": 1,
      "maxTurns": 500,
      "map": "518ecb74-a81a-4d95-9f29-d217205466bc",
      "network": {
        "host": "127.0.0.1",
        "port": "9143"
      },
      "timestamp": "2018-05-22T21:56:01.960Z",
      "logPath": "/home/wout/.config/Electron/data/matches/716271f5-540a-4271-82ac-22992019d9c2.json",
      "players": [
        {
          "type": "Internal",
          "token": "64f861a7e52046718f603ccf607f0743512a75cad1283d23b667382c42147483",
          "botId": "5ef61729-d7a8-4c66-869a-525aa656d71f",
          "name": "Carlos",
          "connected": true
        },
        {
          "type": "Internal",
          "token": "c2cb51c071d24f6caead73fbe1b3ac1cbcb93528e6052ec8cfc360c43f4a1244",
          "botId": "0a4e6406-e088-4358-8655-085958edd1f7",
          "name": "SimpleBot 1",
          "connected": true
        },
        {
          "type": "External",
          "token": "bf0765441b2dec964c10b01f11b874a51aae1263b2e7fd1fb640bac085417f5e",
          "name": "Dr. Valeria Salucci",
          "connected": false
        },
        {
          "type": "External",
          "token": "542627874c8f9a726c1bae6b9e7d2aa33f6cfaed303fd02999eb97c8a41588bd",
          "name": "Dr. Asia Pinzauti",
          "connected": false
        }
      ],
      "stats": {
        "winners": [
          2
        ],
        "score": {
          "1": 482,
          "2": 4926
        }
      }
    },
    "3aaf09f4-091d-449a-8acb-feacf496bd80": {
      "uuid": "3aaf09f4-091d-449a-8acb-feacf496bd80",
      "type": 0,
      "status": 1,
      "maxTurns": 500,
      "map": "518ecb74-a81a-4d95-9f29-d217205466bc",
      "network": {
        "host": "127.0.0.1",
        "port": "9144"
      },
      "timestamp": "2018-05-22T21:58:22.926Z",
      "logPath": "/home/wout/.config/Electron/data/matches/3aaf09f4-091d-449a-8acb-feacf496bd80.json",
      "players": [
        {
          "type": "Internal",
          "token": "f6ce83e596802bbf06900c2539979f1b068ca8c93f1a9f2b0d6c9d3db69eb97f",
          "botId": "8395d9b0-a92c-44ea-b3ba-463961e73e0d",
          "name": "SimpleBot 2",
          "connected": true
        },
        {
          "type": "Internal",
          "token": "238fc403a94a12a9438eca57e21a164b664a48938836a404afce7bdd1d28d921",
          "botId": "57a1b574-b4ae-4d44-b9e9-8b97b8bf6bf7",
          "name": "Manuel",
          "connected": true
        },
        {
          "type": "External",
          "token": "fa318fa84c35010f9474b53f24143ce5fd260cfbbb1e73be146be07dbc87875d",
          "name": "Mrs. Teresa Mancini",
          "connected": false
        },
        {
          "type": "External",
          "token": "38c9514a0ead539671cb7ec96d14c639053c49e47f1b5076cc1063d5bba1d3c8",
          "name": "Mr. Neri Cappelletti",
          "connected": false
        }
      ],
      "stats": {
        "winners": [
          2
        ],
        "score": {
          "1": 184,
          "2": 3624
        }
      }
    },
    "de0b31e1-410d-4acf-ab33-a6dcaeaed269": {
      "uuid": "de0b31e1-410d-4acf-ab33-a6dcaeaed269",
      "type": 0,
      "status": 2,
      "maxTurns": 500,
      "map": "685cec8c-8426-4dc4-b9e7-f6ae3bc27ef1",
      "network": {
        "host": "127.0.0.1",
        "port": "9146"
      },
      "timestamp": "2018-05-22T22:00:18.012Z",
      "logPath": "/home/wout/.config/Electron/data/matches/de0b31e1-410d-4acf-ab33-a6dcaeaed269.json",
      "players": [
        {
          "type": "Internal",
          "token": "4782bc4f9c98f7bd3a29e5a0d9905038b579ce9ad50b266409f6e8a429746af7",
          "botId": "57a1b574-b4ae-4d44-b9e9-8b97b8bf6bf7",
          "name": "Manuel",
          "connected": true
        },
        {
          "type": "Internal",
          "token": "7e9ac889dd768075055b25f5b9814c4a6efdb88eb2ae9b15acea303a69302ab2",
          "botId": "0a4e6406-e088-4358-8655-085958edd1f7",
          "name": "SimpleBot 1",
          "connected": true
        },
        {
          "type": "External",
          "token": "4b6906de167d5e22a7ecc804c9fe6222950c3ca76754064d520d36b14772a6f5",
          "name": "Miss Sandra Vettori",
          "connected": false
        },
        {
          "type": "External",
          "token": "3d6b22f5231f27c160136f4725feba3dcb9e734c7168d506c193309deb93c359",
          "name": "Mrs. Virginia Jin",
          "connected": false
        },
        {
          "type": "External",
          "token": "d66756da8946050ecd205e16d699adbbc6e1bf25a47bf7f3a86d72de7d35e53e",
          "name": "Mr. Antonio Acciai",
          "connected": false
        },
        {
          "type": "External",
          "token": "fa7282a0d16d70e089620111f13d8a3b7f9431aa1f74a043835a9c50b192d156",
          "name": "Miss Fiorenza Cappugi",
          "connected": false
        },
        {
          "type": "External",
          "token": "073f9c27065a56386013e4d7d069fe213d8d86607b81f13184c87cf22ca253c3",
          "name": "Dr. Enrico Micheli",
          "connected": false
        },
        {
          "type": "External",
          "token": "f180da063ebaa388319b61883bb26b14a2a93e9bfd7acbfb71ca362167126d3a",
          "name": "Dr. Jacopo Materassi",
          "connected": false
        }
      ],
      "error": "server exited with code null"
    },
    "2890e799-3517-422e-9c5b-6ed9a8d3f189": {
      "uuid": "2890e799-3517-422e-9c5b-6ed9a8d3f189",
      "type": 0,
      "status": 1,
      "maxTurns": 500,
      "map": "e60ca934-3671-4cb9-a8f0-851343a44189",
      "network": {
        "host": "127.0.0.1",
        "port": "9147"
      },
      "timestamp": "2018-05-22T22:03:09.093Z",
      "logPath": "/home/wout/.config/Electron/data/matches/2890e799-3517-422e-9c5b-6ed9a8d3f189.json",
      "players": [
        {
          "type": "Internal",
          "token": "f850f7a6239102623bd977e6cb52bd7d12bb6752af13ca3808f76f013d5b4c47",
          "botId": "57a1b574-b4ae-4d44-b9e9-8b97b8bf6bf7",
          "name": "Manuel",
          "connected": true
        },
        {
          "type": "Internal",
          "token": "9d3ff4814fafe84039ce8f39eb29af4629371566f32cfa84916a97909cb78763",
          "botId": "1aae4581-2831-4764-81fe-2e9448be8e3d",
          "name": "FlesVleermuisBot",
          "connected": true
        }
      ],
      "stats": {
        "winners": [
          2
        ],
        "score": {
          "1": 98,
          "2": 185
        }
      }
    },
    "f648133f-29a0-4d9a-a435-223bb0b1a421": {
      "uuid": "f648133f-29a0-4d9a-a435-223bb0b1a421",
      "type": 0,
      "status": 1,
      "maxTurns": 500,
      "map": "518ecb74-a81a-4d95-9f29-d217205466bc",
      "network": {
        "host": "127.0.0.1",
        "port": "9147"
      },
      "timestamp": "2018-05-22T22:04:29.610Z",
      "logPath": "/home/wout/.config/Electron/data/matches/f648133f-29a0-4d9a-a435-223bb0b1a421.json",
      "players": [
        {
          "type": "Internal",
          "token": "9a5753c8d925a04eef480c7a2592ae1427594c143fa21cebdf8c48d25f5221a0",
          "botId": "57a1b574-b4ae-4d44-b9e9-8b97b8bf6bf7",
          "name": "Manuel",
          "connected": true
        },
        {
          "type": "Internal",
          "token": "33709d058136749176804884092d0acb7319914e54235aa9004d15e70579f1d2",
          "botId": "1aae4581-2831-4764-81fe-2e9448be8e3d",
          "name": "FlesVleermuisBot",
          "connected": true
        },
        {
          "type": "External",
          "token": "a0c2d5d88bd651267efad56b61206919961b80beab58b652193be20356300605",
          "name": "Mr. Filippo Calo'",
          "connected": false
        },
        {
          "type": "External",
          "token": "c2375d7a4368409f97a6c0edac47ff7965d1f444c913804ce2e90d9b27b0c758",
          "name": "Dr. Sonia Pucci",
          "connected": false
        }
      ],
      "stats": {
        "winners": [
          2
        ],
        "score": {
          "1": 1110,
          "2": 2955
        }
      }
    },
    "69d8dc92-1929-4b0a-9b6a-652ac1ede500": {
      "uuid": "69d8dc92-1929-4b0a-9b6a-652ac1ede500",
      "type": 0,
      "status": 2,
      "maxTurns": 500,
      "map": "685cec8c-8426-4dc4-b9e7-f6ae3bc27ef1",
      "network": {
        "host": "127.0.0.1",
        "port": "9142"
      },
      "timestamp": "2018-05-22T22:06:13.491Z",
      "logPath": "/home/wout/.config/Electron/data/matches/69d8dc92-1929-4b0a-9b6a-652ac1ede500.json",
      "players": [
        {
          "type": "Internal",
          "token": "1ef1c8dcdac08db0a7ab7d1407271467473180eb52223205bc93c6bdcdbd5ecf",
          "botId": "1aae4581-2831-4764-81fe-2e9448be8e3d",
          "name": "FlesVleermuisBot",
          "connected": true
        },
        {
          "type": "Internal",
          "token": "1409625ce93e56395abeae0773f68afed965bfe6736fcf71fd8cab2f4a645ab4",
          "botId": "57a1b574-b4ae-4d44-b9e9-8b97b8bf6bf7",
          "name": "Manuel",
          "connected": true
        },
        {
          "type": "External",
          "token": "ebd65b384d05ad66f7ff91b52b50791ba98ef9097dede450523c25f4b7fa7039",
          "name": "Mr. Benito Colzi",
          "connected": false
        },
        {
          "type": "External",
          "token": "2e7cc3500c7bf77a41808cff9e8a44772223b3f3967195bc94fe1ecc17f2a523",
          "name": "Mr. Dino Casini",
          "connected": false
        },
        {
          "type": "External",
          "token": "410e57e23d80a4e563bb4468e2e66171a3c36f7017f6cf792fc13ff0f1d45072",
          "name": "Miss Annunziata Matucci",
          "connected": false
        },
        {
          "type": "External",
          "token": "73a86263d4378650d0455f28d902ca6605eda55500f5b290b5a5e654c627a0d7",
          "name": "Mrs. Rossana Marcelli",
          "connected": false
        },
        {
          "type": "External",
          "token": "ebf12f619a18b4c6f106b8b88ea722ad568545e1653a85ed2bf0dd36ba068d5d",
          "name": "Mr. Diego Batacchi",
          "connected": false
        },
        {
          "type": "External",
          "token": "a5b6485289718a56b6423bc214306356f304dccb434ef4631f7864c05736849c",
          "name": "Mrs. Alice Castellucci",
          "connected": false
        }
      ],
      "error": "server exited with code null"
    },
    "535502e3-42c7-4e21-84b9-f8c775f60430": {
      "uuid": "535502e3-42c7-4e21-84b9-f8c775f60430",
      "type": 0,
      "status": 1,
      "maxTurns": 500,
      "map": "e60ca934-3671-4cb9-a8f0-851343a44189",
      "network": {
        "host": "127.0.0.1",
        "port": "9143"
      },
      "timestamp": "2018-05-22T22:08:44.710Z",
      "logPath": "/home/wout/.config/Electron/data/matches/535502e3-42c7-4e21-84b9-f8c775f60430.json",
      "players": [
        {
          "type": "Internal",
          "token": "e8a2a9e643f10212cf36f43532191a26b7e99762049d12918d24c29393e5c125",
          "botId": "0396add8-67f2-4288-baab-f205cba09de4",
          "name": "Crushbot",
          "connected": true
        },
        {
          "type": "Internal",
          "token": "501596ede79e80f801967ca3f46033d9cc0ef076b23f73fbb26bd24a8a11cdf0",
          "botId": "1aae4581-2831-4764-81fe-2e9448be8e3d",
          "name": "FlesVleermuisBot",
          "connected": true
        }
      ],
      "stats": {
        "winners": [
          2
        ],
        "score": {
          "1": 60,
          "2": 195
        }
      }
    },
    "6265f51f-e6dd-4c69-9257-d0ac58a1c000": {
      "uuid": "6265f51f-e6dd-4c69-9257-d0ac58a1c000",
      "type": 0,
      "status": 1,
      "maxTurns": 500,
      "map": "518ecb74-a81a-4d95-9f29-d217205466bc",
      "network": {
        "host": "127.0.0.1",
        "port": 9142
      },
      "timestamp": "2018-05-22T22:09:59.599Z",
      "logPath": "/home/wout/.config/Electron/data/matches/6265f51f-e6dd-4c69-9257-d0ac58a1c000.json",
      "players": [
        {
          "type": "Internal",
          "token": "82f8f878714dbdd603d0a1e43b18dd66c4ffcd697ac167b763ac9133be1152a2",
          "botId": "0396add8-67f2-4288-baab-f205cba09de4",
          "name": "Crushbot",
          "connected": true
        },
        {
          "type": "Internal",
          "token": "16d7b9e5fcdfaebfeceb5991a267ff852310c456b0c3447bcfecd356cadaa52c",
          "botId": "1aae4581-2831-4764-81fe-2e9448be8e3d",
          "name": "FlesVleermuisBot",
          "connected": true
        },
        {
          "type": "External",
          "token": "44a6b3640d670699d603afd8600410d381ffd95888f6a4460e89d957c8173ec1",
          "name": "Mr. Matteo Bocci",
          "connected": false
        },
        {
          "type": "External",
          "token": "e60e0ed35e12a8186c469259064f8d0933a263c173b97c5a9696ed901e9ced8a",
          "name": "Mrs. Rebecca Cirillo",
          "connected": false
        }
      ],
      "stats": {
        "winners": [
          2
        ],
        "score": {
          "1": 136,
          "2": 735
        }
      }
    },
    "ac3cc5ab-edda-489e-af8b-c0dcbfb6a4cf": {
      "uuid": "ac3cc5ab-edda-489e-af8b-c0dcbfb6a4cf",
      "type": 0,
      "status": 2,
      "maxTurns": 500,
      "map": "685cec8c-8426-4dc4-b9e7-f6ae3bc27ef1",
      "network": {
        "host": "127.0.0.1",
        "port": 9142
      },
      "timestamp": "2018-05-22T22:11:23.483Z",
      "logPath": "/home/wout/.config/Electron/data/matches/ac3cc5ab-edda-489e-af8b-c0dcbfb6a4cf.json",
      "players": [
        {
          "type": "Internal",
          "token": "c91cddf0a06e7ebadf727486645fdb7103190b22ef7a9eb8e67220f1a004ca91",
          "botId": "1aae4581-2831-4764-81fe-2e9448be8e3d",
          "name": "FlesVleermuisBot",
          "connected": true
        },
        {
          "type": "Internal",
          "token": "7ba214cc5fee878d8ccedf77b595855ade9c52e898f7fb2131238e0015fd0417",
          "botId": "0396add8-67f2-4288-baab-f205cba09de4",
          "name": "Crushbot",
          "connected": true
        },
        {
          "type": "External",
          "token": "d8b8ac43a40e70983b8add1e8345802ad31e9306f72822eac74a3485e1711bba",
          "name": "Dr. Claudio Biagiotti",
          "connected": false
        },
        {
          "type": "External",
          "token": "d872815b96467aec5758a56bd57cf2121059bffabb71c66ac9cd3db052452cb5",
          "name": "Mrs. Rina Torelli",
          "connected": false
        },
        {
          "type": "External",
          "token": "5baf0f2c2aa34c469643e98f200556682bcc24d7f021cef1bcbc0982fa9c5414",
          "name": "Dr. Dino Salimbeni",
          "connected": false
        },
        {
          "type": "External",
          "token": "9498aa65da6a6075f1012a965388a4c24e7da5cc068a5202bb391de4d38cbc2e",
          "name": "Mrs. Rosanna Salucci",
          "connected": false
        },
        {
          "type": "External",
          "token": "6cdf3b93706bf7fe2476d3ab40935c7f3f55271f9c7fcc71ac0b34d7479310c6",
          "name": "Dr. Natalina Fanti",
          "connected": false
        },
        {
          "type": "External",
          "token": "b3265ecfdd026598078413894783de14a6c0c2dd422004090664bb3cc5e86f66",
          "name": "Dr. Vanessa Galli",
          "connected": false
        }
      ],
      "error": "server exited with code null"
    },
    "20c88354-053b-4ef2-a1a5-0b8bcf73ac8a": {
      "uuid": "20c88354-053b-4ef2-a1a5-0b8bcf73ac8a",
      "type": 0,
      "status": 0,
      "maxTurns": 500,
      "map": "4b84b2fb-b669-474e-8fd0-c3f58382912a",
      "network": {
        "host": "127.0.0.1",
        "port": 9142
      },
      "timestamp": "2018-05-22T22:13:37.555Z",
      "logPath": "/home/wout/.config/Electron/data/matches/20c88354-053b-4ef2-a1a5-0b8bcf73ac8a.json",
      "players": [
        {
          "type": "Internal",
          "token": "6c0a529467b6894f5a90850c33c3f56b08d7688215884ee4c62bd6c5a40316e9",
          "botId": "1aae4581-2831-4764-81fe-2e9448be8e3d",
          "name": "FlesVleermuisBot",
          "connected": true
        },
        {
          "type": "Internal",
          "token": "8c67284335de9deddb83f9329d3ed403d84a8f0bfc626be570c2065ac28acab4",
          "botId": "e4c53fcd-9b36-4332-9056-db0eb939a8c0",
          "name": "BoldyElite",
          "connected": true
        }
      ]
    },
    "d669475d-de38-422b-9bf5-fe976bc92cd4": {
      "uuid": "d669475d-de38-422b-9bf5-fe976bc92cd4",
      "type": 0,
      "status": 1,
      "maxTurns": 500,
      "map": "4b84b2fb-b669-474e-8fd0-c3f58382912a",
      "network": {
        "host": "127.0.0.1",
        "port": "9143"
      },
      "timestamp": "2018-05-22T22:16:07.964Z",
      "logPath": "/home/wout/.config/Electron/data/matches/d669475d-de38-422b-9bf5-fe976bc92cd4.json",
      "players": [
        {
          "type": "Internal",
          "token": "f03baef1e46f701af3fcb114b39f5c91f8f2354eea3786895c7341e968723432",
          "botId": "e4c53fcd-9b36-4332-9056-db0eb939a8c0",
          "name": "BoldyElite",
          "connected": true
        },
        {
          "type": "Internal",
          "token": "8882b9748766d0e684cd0da66059679e7a6679b3ac1b9ee155b9826da6559d9a",
          "botId": "1aae4581-2831-4764-81fe-2e9448be8e3d",
          "name": "FlesVleermuisBot",
          "connected": true
        }
      ],
      "stats": {
        "winners": [
          1
        ],
        "score": {
          "1": 2473,
          "2": 229
        }
      }
    },
    "dec7c7fd-69d5-455f-aeb6-e626df254f6a": {
      "uuid": "dec7c7fd-69d5-455f-aeb6-e626df254f6a",
      "type": 0,
      "status": 1,
      "maxTurns": 500,
      "map": "cd974a9e-8483-4216-a6e6-9d9a849efd71",
      "network": {
        "host": "127.0.0.1",
        "port": "9144"
      },
      "timestamp": "2018-05-22T22:17:32.010Z",
      "logPath": "/home/wout/.config/Electron/data/matches/dec7c7fd-69d5-455f-aeb6-e626df254f6a.json",
      "players": [
        {
          "type": "Internal",
          "token": "b5ae0ff25d5c65ba04cde82ef9a58491bae18bf3bef9454f4666fb34e75d13f4",
          "botId": "1aae4581-2831-4764-81fe-2e9448be8e3d",
          "name": "FlesVleermuisBot",
          "connected": true
        },
        {
          "type": "Internal",
          "token": "61c72a20e77d3621436b97607fb19eef4b8347ad6a483e8e26b4576aad73ed5d",
          "botId": "e4c53fcd-9b36-4332-9056-db0eb939a8c0",
          "name": "BoldyElite",
          "connected": true
        }
      ],
      "stats": {
        "winners": [
          2
        ],
        "score": {
          "1": 134,
          "2": 2345
        }
      }
    },
    "45879b62-69cc-4d30-abc0-f95dddcc932c": {
      "uuid": "45879b62-69cc-4d30-abc0-f95dddcc932c",
      "type": 0,
      "status": 1,
      "maxTurns": 500,
      "map": "6e2dda0f-88c2-4908-b1c2-e8bc5028eb8e",
      "network": {
        "host": "127.0.0.1",
        "port": "9145"
      },
      "timestamp": "2018-05-22T22:18:27.008Z",
      "logPath": "/home/wout/.config/Electron/data/matches/45879b62-69cc-4d30-abc0-f95dddcc932c.json",
      "players": [
        {
          "type": "Internal",
          "token": "41ab2ab4b9912ee1322524ec546138d98fc5433e385b9370b8380f3b5ab012d3",
          "botId": "e4c53fcd-9b36-4332-9056-db0eb939a8c0",
          "name": "BoldyElite",
          "connected": true
        },
        {
          "type": "Internal",
          "token": "b089576cfd09b7a777f842eba7df1cd35e8010460f0e3ffab0151325f4ec43a2",
          "botId": "1aae4581-2831-4764-81fe-2e9448be8e3d",
          "name": "FlesVleermuisBot",
          "connected": true
        },
        {
          "type": "External",
          "token": "490e94677ebd9c1c258275c84e982419b531e0e21a84a99aecccd4d223a5f278",
          "name": "Dr. Piera Giacomelli",
          "connected": false
        },
        {
          "type": "External",
          "token": "8f83f6e75bd350e7aed1f52671e814b2b97b791943ca6c0949766c0c8d7bc686",
          "name": "Mrs. Cinzia Cresti",
          "connected": false
        }
      ],
      "stats": {
        "winners": [
          1
        ],
        "score": {
          "1": 2014,
          "2": 996
        }
      }
    },
    "4c0dc92f-4e31-48ef-88cd-78f2b60f82b5": {
      "uuid": "4c0dc92f-4e31-48ef-88cd-78f2b60f82b5",
      "type": 0,
      "status": 0,
      "maxTurns": 500,
      "map": "685cec8c-8426-4dc4-b9e7-f6ae3bc27ef1",
      "network": {
        "host": "127.0.0.1",
        "port": "9148"
      },
      "timestamp": "2018-05-22T22:24:28.053Z",
      "logPath": "/home/wout/.config/Electron/data/matches/4c0dc92f-4e31-48ef-88cd-78f2b60f82b5.json",
      "players": [
        {
          "type": "Internal",
          "token": "92b9a830fdfd57cabc8146e5cc8561b27b827be0678ab326058e65c7c0ed5828",
          "botId": "0a4e6406-e088-4358-8655-085958edd1f7",
          "name": "SimpleBot 1",
          "connected": true
        },
        {
          "type": "Internal",
          "token": "f1db4bf1860b904ebd10e19da360522a401403ff8639e1a94256d0d9b5224206",
          "botId": "e4c53fcd-9b36-4332-9056-db0eb939a8c0",
          "name": "BoldyElite",
          "connected": true
        },
        {
          "type": "Internal",
          "token": "5b1cf3d9cf9a5e553de8e453ef1811f7beddeb21cd222201d82d5ce1c28f91cc",
          "botId": "0396add8-67f2-4288-baab-f205cba09de4",
          "name": "Crushbot",
          "connected": true
        },
        {
          "type": "Internal",
          "token": "45367ff5bd031aa39de62ca2ccae14db4b9ed6ed5460ebcc3489ccc65ca585ce",
          "botId": "cc3ba06b-bb0b-4e05-a706-fdcf6f8b78f3",
          "name": "TestBot",
          "connected": true
        },
        {
          "type": "Internal",
          "token": "d6fa078ad48eb68150866cd18aab925f9899f789d7c09376361e771c240b7931",
          "botId": "1aae4581-2831-4764-81fe-2e9448be8e3d",
          "name": "FlesVleermuisBot",
          "connected": true
        },
        {
          "type": "Internal",
          "token": "bb7f600fd49e6a5b901d9490fa8da8adb0ea707e4382e46e265682ad1a9f9cce",
          "botId": "57a1b574-b4ae-4d44-b9e9-8b97b8bf6bf7",
          "name": "Manuel",
          "connected": true
        },
        {
          "type": "Internal",
          "token": "35554bf98fcf554f054f814c11c3eac9b39559e569fcc2ba80a8486995417dfe",
          "botId": "0a4e6406-e088-4358-8655-085958edd1f7",
          "name": "SimpleBot 1",
          "connected": true
        },
        {
          "type": "Internal",
          "token": "db2baef6c4dbc8bbd6f8d40eeda3a1970f98bac42d0efd55edbbcb1139f05972",
          "botId": "0a4e6406-e088-4358-8655-085958edd1f7",
          "name": "SimpleBot 1",
          "connected": true
        }
      ]
    },
    "20d1fc9a-0bae-48cb-af93-c87129e1ed06": {
      "uuid": "20d1fc9a-0bae-48cb-af93-c87129e1ed06",
      "type": 0,
      "status": 0,
      "maxTurns": 500,
      "map": "685cec8c-8426-4dc4-b9e7-f6ae3bc27ef1",
      "network": {
        "host": "127.0.0.1",
        "port": "9153"
      },
      "timestamp": "2018-05-22T22:26:39.092Z",
      "logPath": "/home/wout/.config/Electron/data/matches/20d1fc9a-0bae-48cb-af93-c87129e1ed06.json",
      "players": [
        {
          "type": "Internal",
          "token": "a0072e337bdac1eab11874d668794037e1d29d84e2d43d4b723c7dfa83c2bd68",
          "botId": "0a4e6406-e088-4358-8655-085958edd1f7",
          "name": "SimpleBot 1",
          "connected": false
        },
        {
          "type": "Internal",
          "token": "38c6a705ddedd14b89871cdafb9926365033a81b6c3339fa1ca777ec22208afc",
          "botId": "e4c53fcd-9b36-4332-9056-db0eb939a8c0",
          "name": "BoldyElite",
          "connected": false
        },
        {
          "type": "Internal",
          "token": "b04b89c8dadf03c42bcd94b9076cb77dbe6ae7b8f9920e3b5a1c43a4949e1ddd",
          "botId": "cc3ba06b-bb0b-4e05-a706-fdcf6f8b78f3",
          "name": "TestBot",
          "connected": false
        },
        {
          "type": "Internal",
          "token": "80d41c12a1906458557871bbde4e7ecbcb50fcac36c1752e3d2ff360dc66fe6d",
          "botId": "1aae4581-2831-4764-81fe-2e9448be8e3d",
          "name": "FlesVleermuisBot",
          "connected": false
        },
        {
          "type": "Internal",
          "token": "d82c496ce2b53c527d1909df5f8b628f94da1096607f7ab319f7fa6dd5d66a32",
          "botId": "57a1b574-b4ae-4d44-b9e9-8b97b8bf6bf7",
          "name": "Manuel",
          "connected": false
        },
        {
          "type": "Internal",
          "token": "4be12037e5286532a955d3994a79e137aca3072d679d6845325098bdb02c2170",
          "botId": "0a4e6406-e088-4358-8655-085958edd1f7",
          "name": "SimpleBot 1",
          "connected": false
        },
        {
          "type": "Internal",
          "token": "4f4237917aabecc3a1c4f49804cd86c9269dc31215c9f3aeb06594174b907340",
          "botId": "0a4e6406-e088-4358-8655-085958edd1f7",
          "name": "SimpleBot 1",
          "connected": false
        },
        {
          "type": "Internal",
          "token": "b7279fcda52053e56687c7978df44df939d6c6eb2c79d3440c789981b0d29c48",
          "botId": "cc3ba06b-bb0b-4e05-a706-fdcf6f8b78f3",
          "name": "TestBot",
          "connected": false
        }
      ]
    },
    "3a92d705-bc29-4991-82bf-b25dc2939c07": {
      "uuid": "3a92d705-bc29-4991-82bf-b25dc2939c07",
      "type": 0,
      "status": 1,
      "maxTurns": 500,
      "map": "685cec8c-8426-4dc4-b9e7-f6ae3bc27ef1",
      "network": {
        "host": "127.0.0.1",
        "port": "9154"
      },
      "timestamp": "2018-05-22T22:27:29.921Z",
      "logPath": "/home/wout/.config/Electron/data/matches/3a92d705-bc29-4991-82bf-b25dc2939c07.json",
      "players": [
        {
          "type": "Internal",
          "token": "2e97ea8f3c4b5be6eebadbc947dddb35cd3dc8eb59baac257b57f0e19efd99d4",
          "botId": "0a4e6406-e088-4358-8655-085958edd1f7",
          "name": "SimpleBot 1",
          "connected": true
        },
        {
          "type": "Internal",
          "token": "fec5e0a42a2955f9acd247789b39362ea57645a79ad3135a382bfc6336064631",
          "botId": "e4c53fcd-9b36-4332-9056-db0eb939a8c0",
          "name": "BoldyElite",
          "connected": true
        },
        {
          "type": "Internal",
          "token": "b05c2a3b7bd8b6d7f4944d7b5d49c2ec98f35ac693312ff67ed4db46c719a9fa",
          "botId": "cc3ba06b-bb0b-4e05-a706-fdcf6f8b78f3",
          "name": "TestBot",
          "connected": true
        },
        {
          "type": "Internal",
          "token": "64cd82847c0824e4e0f7511773e485e91cdeded440e8ee5a588868750ee6cd2b",
          "botId": "1aae4581-2831-4764-81fe-2e9448be8e3d",
          "name": "FlesVleermuisBot",
          "connected": true
        },
        {
          "type": "Internal",
          "token": "92e30d10c8da8b45506a223b6cbec68e457604e2ac21d125a6740ccfed0e6c4f",
          "botId": "57a1b574-b4ae-4d44-b9e9-8b97b8bf6bf7",
          "name": "Manuel",
          "connected": true
        },
        {
          "type": "Internal",
          "token": "335e20c901b54472f2d00a09918b70fbe340b069dcb67a4238f41cf714bb4f51",
          "botId": "0a4e6406-e088-4358-8655-085958edd1f7",
          "name": "SimpleBot 1",
          "connected": true
        },
        {
          "type": "Internal",
          "token": "a9c8f5071790e16cb5ef2ae99b58c7cc9731f417abf34fc86beeed1540e50f70",
          "botId": "0a4e6406-e088-4358-8655-085958edd1f7",
          "name": "SimpleBot 1",
          "connected": true
        },
        {
          "type": "Internal",
          "token": "9c916e78bd3bd4d903a7619ddce795b11ff07cb2198472be3463226ffee2b060",
          "botId": "0a4e6406-e088-4358-8655-085958edd1f7",
          "name": "SimpleBot 1",
          "connected": true
        }
      ],
      "stats": {
        "winners": [
          4
        ],
        "score": {
          "1": 100,
          "2": 1714,
          "3": 401,
          "4": 5885,
          "5": 452,
          "6": 59,
          "7": 46,
          "8": 72
        }
      }
    },
    "db828841-bc9f-40da-9a34-f7c801915e7d": {
      "uuid": "db828841-bc9f-40da-9a34-f7c801915e7d",
      "type": 0,
      "status": 1,
      "maxTurns": 500,
      "map": "e60ca934-3671-4cb9-a8f0-851343a44189",
      "network": {
        "host": "127.0.0.1",
        "port": 9142
      },
      "timestamp": "2018-05-23T21:07:56.949Z",
      "logPath": "/home/wout/.config/Electron/data/matches/db828841-bc9f-40da-9a34-f7c801915e7d.json",
      "players": [
        {
          "type": "Internal",
          "token": "95e11f4f03cf7df7c66f7bba6d2b1f79d5df27db3cb9c551c099a7ca957cbe96",
          "botId": "8395d9b0-a92c-44ea-b3ba-463961e73e0d",
          "name": "SimpleBot 2",
          "connected": true
        },
        {
          "type": "Internal",
          "token": "c31ed9fe0676b7e5e93a22d1239e4611d16d6768852bc1a9940529f58482b4b2",
          "botId": "1aae4581-2831-4764-81fe-2e9448be8e3d",
          "name": "FlesVleermuisBot",
          "connected": true
        }
      ],
      "stats": {
        "winners": [
          2
        ],
        "score": {
          "1": 71,
          "2": 207
        }
      }
    }
  }
}
