{
    "planets": [
        {
            "name": "PIET9+0",
            "x": 27,
            "y": 0,
            "ship_count": 6
        },
        {
            "name": "PIET10+0",
            "x": 30,
            "y": 0,
            "ship_count": 6
        },
        {
            "name": "PIET11+0",
            "x": 33,
            "y": 0,
            "ship_count": 6
        },
        {
            "name": "PIET12+0",
            "x": 36,
            "y": 0,
            "ship_count": 6
        },
        {
            "name": "PIET13+0",
            "x": 39,
            "y": 0,
            "ship_count": 6
        },
        {
            "name": "PIET7+1",
            "x": 21,
            "y": 3,
            "ship_count": 6
        },
        {
            "name": "PIET8+1",
            "x": 24,
            "y": 3,
            "ship_count": 6
        },
        {
            "name": "PIET14+1",
            "x": 42,
            "y": 3,
            "ship_count": 6
        },
        {
            "name": "PIET6+2",
            "x": 18,
            "y": 6,
            "ship_count": 6
        },
        {
            "name": "PIET15+2",
            "x": 45,
            "y": 6,
            "ship_count": 6
        },
        {
            "name": "PIET6+3",
            "x": 18,
            "y": 9,
            "ship_count": 6
        },
        {
            "name": "PIET7+3",
            "x": 21,
            "y": 9,
            "ship_count": 6
        },
        {
            "name": "PIET8+3",
            "x": 24,
            "y": 9,
            "ship_count": 6
        },
        {
            "name": "PIET11+3",
            "x": 33,
            "y": 9,
            "ship_count": 6
        },
        {
            "name": "PIET12+3",
            "x": 36,
            "y": 9,
            "ship_count": 6
        },
        {
            "name": "PIET15+3",
            "x": 45,
            "y": 9,
            "ship_count": 6
        },
        {
            "name": "PIET6+4",
            "x": 18,
            "y": 12,
            "ship_count": 6
        },
        {
            "name": "PIET7+4",
            "x": 21,
            "y": 12,
            "ship_count": 6,
            "owner": 1
        },
        {
            "name": "PIET11+4",
            "x": 33,
            "y": 12,
            "ship_count": 6
        },
        {
            "name": "PIET15+4",
            "x": 45,
            "y": 12,
            "ship_count": 6
        },
        {
            "name": "PIET5+5",
            "x": 15,
            "y": 15,
            "ship_count": 6
        },
        {
            "name": "PIET9+5",
            "x": 27,
            "y": 15,
            "ship_count": 6
        },
        {
            "name": "PIET14+5",
            "x": 42,
            "y": 15,
            "ship_count": 6,
            "owner": 2
        },
        {
            "name": "PIET5+6",
            "x": 15,
            "y": 18,
            "ship_count": 6
        },
        {
            "name": "PIET6+6",
            "x": 18,
            "y": 18,
            "ship_count": 6
        },
        {
            "name": "PIET7+6",
            "x": 21,
            "y": 18,
            "ship_count": 6
        },
        {
            "name": "PIET8+6",
            "x": 24,
            "y": 18,
            "ship_count": 6
        },
        {
            "name": "PIET9+6",
            "x": 27,
            "y": 18,
            "ship_count": 6
        },
        {
            "name": "PIET10+6",
            "x": 30,
            "y": 18,
            "ship_count": 6
        },
        {
            "name": "PIET11+6",
            "x": 33,
            "y": 18,
            "ship_count": 6
        },
        {
            "name": "PIET14+6",
            "x": 42,
            "y": 18,
            "ship_count": 6
        },
        {
            "name": "PIET4+7",
            "x": 12,
            "y": 21,
            "ship_count": 6
        },
        {
            "name": "PIET5+7",
            "x": 15,
            "y": 21,
            "ship_count": 6
        },
        {
            "name": "PIET14+7",
            "x": 42,
            "y": 21,
            "ship_count": 6
        },
        {
            "name": "PIET4+8",
            "x": 12,
            "y": 24,
            "ship_count": 6
        },
        {
            "name": "PIET13+8",
            "x": 39,
            "y": 24,
            "ship_count": 6
        },
        {
            "name": "PIET14+8",
            "x": 42,
            "y": 24,
            "ship_count": 6
        },
        {
            "name": "PIET4+9",
            "x": 12,
            "y": 27,
            "ship_count": 6
        },
        {
            "name": "PIET13+9",
            "x": 39,
            "y": 27,
            "ship_count": 6
        },
        {
            "name": "PIET4+10",
            "x": 12,
            "y": 30,
            "ship_count": 6
        },
        {
            "name": "PIET10+10",
            "x": 30,
            "y": 30,
            "ship_count": 6
        },
        {
            "name": "PIET11+10",
            "x": 33,
            "y": 30,
            "ship_count": 6
        },
        {
            "name": "PIET13+10",
            "x": 39,
            "y": 30,
            "ship_count": 6
        },
        {
            "name": "PIET21+10",
            "x": 63,
            "y": 30,
            "ship_count": 6
        },
        {
            "name": "PIET22+10",
            "x": 66,
            "y": 30,
            "ship_count": 6
        },
        {
            "name": "PIET4+11",
            "x": 12,
            "y": 33,
            "ship_count": 6
        },
        {
            "name": "PIET10+11",
            "x": 30,
            "y": 33,
            "ship_count": 6
        },
        {
            "name": "PIET11+11",
            "x": 33,
            "y": 33,
            "ship_count": 6
        },
        {
            "name": "PIET13+11",
            "x": 39,
            "y": 33,
            "ship_count": 6
        },
        {
            "name": "PIET19+11",
            "x": 57,
            "y": 33,
            "ship_count": 6
        },
        {
            "name": "PIET20+11",
            "x": 60,
            "y": 33,
            "ship_count": 6
        },
        {
            "name": "PIET22+11",
            "x": 66,
            "y": 33,
            "ship_count": 6
        },
        {
            "name": "PIET4+12",
            "x": 12,
            "y": 36,
            "ship_count": 6
        },
        {
            "name": "PIET10+12",
            "x": 30,
            "y": 36,
            "ship_count": 6
        },
        {
            "name": "PIET13+12",
            "x": 39,
            "y": 36,
            "ship_count": 6
        },
        {
            "name": "PIET14+12",
            "x": 42,
            "y": 36,
            "ship_count": 6
        },
        {
            "name": "PIET18+12",
            "x": 54,
            "y": 36,
            "ship_count": 6
        },
        {
            "name": "PIET22+12",
            "x": 66,
            "y": 36,
            "ship_count": 6
        },
        {
            "name": "PIET4+13",
            "x": 12,
            "y": 39,
            "ship_count": 6
        },
        {
            "name": "PIET9+13",
            "x": 27,
            "y": 39,
            "ship_count": 6
        },
        {
            "name": "PIET10+13",
            "x": 30,
            "y": 39,
            "ship_count": 6
        },
        {
            "name": "PIET13+13",
            "x": 39,
            "y": 39,
            "ship_count": 6
        },
        {
            "name": "PIET15+13",
            "x": 45,
            "y": 39,
            "ship_count": 6
        },
        {
            "name": "PIET17+13",
            "x": 51,
            "y": 39,
            "ship_count": 6
        },
        {
            "name": "PIET18+13",
            "x": 54,
            "y": 39,
            "ship_count": 6
        },
        {
            "name": "PIET21+13",
            "x": 63,
            "y": 39,
            "ship_count": 6
        },
        {
            "name": "PIET4+14",
            "x": 12,
            "y": 42,
            "ship_count": 6
        },
        {
            "name": "PIET9+14",
            "x": 27,
            "y": 42,
            "ship_count": 6
        },
        {
            "name": "PIET10+14",
            "x": 30,
            "y": 42,
            "ship_count": 6
        },
        {
            "name": "PIET13+14",
            "x": 39,
            "y": 42,
            "ship_count": 6
        },
        {
            "name": "PIET16+14",
            "x": 48,
            "y": 42,
            "ship_count": 6
        },
        {
            "name": "PIET20+14",
            "x": 60,
            "y": 42,
            "ship_count": 6
        },
        {
            "name": "PIET4+15",
            "x": 12,
            "y": 45,
            "ship_count": 6
        },
        {
            "name": "PIET8+15",
            "x": 24,
            "y": 45,
            "ship_count": 6
        },
        {
            "name": "PIET10+15",
            "x": 30,
            "y": 45,
            "ship_count": 6
        },
        {
            "name": "PIET15+15",
            "x": 45,
            "y": 45,
            "ship_count": 6
        },
        {
            "name": "PIET16+15",
            "x": 48,
            "y": 45,
            "ship_count": 6
        },
        {
            "name": "PIET19+15",
            "x": 57,
            "y": 45,
            "ship_count": 6
        },
        {
            "name": "PIET4+16",
            "x": 12,
            "y": 48,
            "ship_count": 6
        },
        {
            "name": "PIET14+16",
            "x": 42,
            "y": 48,
            "ship_count": 6
        },
        {
            "name": "PIET17+16",
            "x": 51,
            "y": 48,
            "ship_count": 6
        },
        {
            "name": "PIET20+16",
            "x": 60,
            "y": 48,
            "ship_count": 6
        },
        {
            "name": "PIET4+17",
            "x": 12,
            "y": 51,
            "ship_count": 6
        },
        {
            "name": "PIET5+17",
            "x": 15,
            "y": 51,
            "ship_count": 6
        },
        {
            "name": "PIET18+17",
            "x": 54,
            "y": 51,
            "ship_count": 6
        },
        {
            "name": "PIET19+17",
            "x": 57,
            "y": 51,
            "ship_count": 6
        },
        {
            "name": "PIET5+18",
            "x": 15,
            "y": 54,
            "ship_count": 6
        },
        {
            "name": "PIET6+18",
            "x": 18,
            "y": 54,
            "ship_count": 6
        },
        {
            "name": "PIET17+18",
            "x": 51,
            "y": 54,
            "ship_count": 6
        },
        {
            "name": "PIET6+19",
            "x": 18,
            "y": 57,
            "ship_count": 6
        },
        {
            "name": "PIET7+19",
            "x": 21,
            "y": 57,
            "ship_count": 6
        },
        {
            "name": "PIET17+19",
            "x": 51,
            "y": 57,
            "ship_count": 6
        },
        {
            "name": "PIET6+20",
            "x": 18,
            "y": 60,
            "ship_count": 6
        },
        {
            "name": "PIET8+20",
            "x": 24,
            "y": 60,
            "ship_count": 6
        },
        {
            "name": "PIET16+20",
            "x": 48,
            "y": 60,
            "ship_count": 6
        },
        {
            "name": "PIET17+20",
            "x": 51,
            "y": 60,
            "ship_count": 6
        },
        {
            "name": "PIET3+21",
            "x": 9,
            "y": 63,
            "ship_count": 6
        },
        {
            "name": "PIET5+21",
            "x": 15,
            "y": 63,
            "ship_count": 6
        },
        {
            "name": "PIET6+21",
            "x": 18,
            "y": 63,
            "ship_count": 6
        },
        {
            "name": "PIET9+21",
            "x": 27,
            "y": 63,
            "ship_count": 6
        },
        {
            "name": "PIET10+21",
            "x": 30,
            "y": 63,
            "ship_count": 6
        },
        {
            "name": "PIET11+21",
            "x": 33,
            "y": 63,
            "ship_count": 6
        },
        {
            "name": "PIET12+21",
            "x": 36,
            "y": 63,
            "ship_count": 6
        },
        {
            "name": "PIET13+21",
            "x": 39,
            "y": 63,
            "ship_count": 6
        },
        {
            "name": "PIET14+21",
            "x": 42,
            "y": 63,
            "ship_count": 6
        },
        {
            "name": "PIET15+21",
            "x": 45,
            "y": 63,
            "ship_count": 6
        },
        {
            "name": "PIET4+22",
            "x": 12,
            "y": 66,
            "ship_count": 6
        },
        {
            "name": "PIET5+22",
            "x": 15,
            "y": 66,
            "ship_count": 6
        },
        {
            "name": "PIET8+22",
            "x": 24,
            "y": 66,
            "ship_count": 6
        },
        {
            "name": "PIET11+22",
            "x": 33,
            "y": 66,
            "ship_count": 6
        },
        {
            "name": "PIET9+23",
            "x": 27,
            "y": 69,
            "ship_count": 6
        },
        {
            "name": "PIET11+23",
            "x": 33,
            "y": 69,
            "ship_count": 6
        },
        {
            "name": "PIET10+24",
            "x": 30,
            "y": 72,
            "ship_count": 6
        }
    ]
}