{
    "planets": [
        {
            "name": "Galactic center",
            "x": 25,
            "y": 25,
            "ship_count": 30
        },
        {
            "name": "1-1",
            "x": 29.83,
            "y": 26.294,
            "ship_count": 25,
            "owner": 1
        },
        {
            "name": "1-2",
            "x": 33.66,
            "y": 30,
            "ship_count": 21
        },
        {
            "name": "1-3",
            "x": 35.607,
            "y": 35.607,
            "ship_count": 17
        },
        {
            "name": "1-4",
            "x": 35,
            "y": 42.321,
            "ship_count": 13
        },
        {
            "name": "1-5",
            "x": 31.47,
            "y": 49.148,
            "ship_count": 9
        },
        {
            "name": "1-6",
            "x": 25,
            "y": 55,
            "ship_count": 5
        },
        {
            "name": "2-1",
            "x": 23.706,
            "y": 29.83,
            "ship_count": 25,
            "owner": 3
        },
        {
            "name": "2-2",
            "x": 20,
            "y": 33.66,
            "ship_count": 21
        },
        {
            "name": "2-3",
            "x": 14.393,
            "y": 35.607,
            "ship_count": 17
        },
        {
            "name": "2-4",
            "x": 7.679,
            "y": 35,
            "ship_count": 13
        },
        {
            "name": "2-5",
            "x": 0.852,
            "y": 31.47,
            "ship_count": 9
        },
        {
            "name": "2-6",
            "x": -5,
            "y": 25,
            "ship_count": 5
        },
        {
            "name": "3-1",
            "x": 20.17,
            "y": 23.706,
            "ship_count": 25,
            "owner": 2
        },
        {
            "name": "3-2",
            "x": 16.34,
            "y": 20,
            "ship_count": 21
        },
        {
            "name": "3-3",
            "x": 14.393,
            "y": 14.393,
            "ship_count": 17
        },
        {
            "name": "3-4",
            "x": 15,
            "y": 7.679,
            "ship_count": 13
        },
        {
            "name": "3-5",
            "x": 18.53,
            "y": 0.852,
            "ship_count": 9
        },
        {
            "name": "3-6",
            "x": 25,
            "y": -5,
            "ship_count": 5
        },
        {
            "name": "4-1",
            "x": 26.294,
            "y": 20.17,
            "ship_count": 25,
            "owner": 4
        },
        {
            "name": "4-2",
            "x": 30,
            "y": 16.34,
            "ship_count": 21
        },
        {
            "name": "4-3",
            "x": 35.607,
            "y": 14.393,
            "ship_count": 17
        },
        {
            "name": "4-4",
            "x": 42.321,
            "y": 15,
            "ship_count": 13
        },
        {
            "name": "4-5",
            "x": 49.148,
            "y": 18.53,
            "ship_count": 9
        },
        {
            "name": "4-6",
            "x": 55,
            "y": 25,
            "ship_count": 5
        }
    ]
}