{
    "planets": [
        {
            "name": "PIET4+1",
            "x": 12,
            "y": 3,
            "ship_count": 6,
            "owner": 2
        },
        {
            "name": "PIET5+1",
            "x": 15,
            "y": 3,
            "ship_count": 6
        },
        {
            "name": "PIET6+1",
            "x": 18,
            "y": 3,
            "ship_count": 6
        },
        {
            "name": "PIET3+2",
            "x": 9,
            "y": 6,
            "ship_count": 6
        },
        {
            "name": "PIET5+2",
            "x": 15,
            "y": 6,
            "ship_count": 6
        },
        {
            "name": "PIET7+2",
            "x": 21,
            "y": 6,
            "ship_count": 6
        },
        {
            "name": "PIET3+3",
            "x": 9,
            "y": 9,
            "ship_count": 6
        },
        {
            "name": "PIET8+3",
            "x": 24,
            "y": 9,
            "ship_count": 6
        },
        {
            "name": "PIET3+4",
            "x": 9,
            "y": 12,
            "ship_count": 6
        },
        {
            "name": "PIET9+4",
            "x": 27,
            "y": 12,
            "ship_count": 6
        },
        {
            "name": "PIET4+5",
            "x": 12,
            "y": 15,
            "ship_count": 6
        },
        {
            "name": "PIET5+5",
            "x": 15,
            "y": 15,
            "ship_count": 6
        },
        {
            "name": "PIET6+5",
            "x": 18,
            "y": 15,
            "ship_count": 6
        },
        {
            "name": "PIET7+5",
            "x": 21,
            "y": 15,
            "ship_count": 6
        },
        {
            "name": "PIET8+5",
            "x": 24,
            "y": 15,
            "ship_count": 6
        },
        {
            "name": "PIET9+5",
            "x": 27,
            "y": 15,
            "ship_count": 6
        },
        {
            "name": "PIET4+6",
            "x": 12,
            "y": 18,
            "ship_count": 6
        },
        {
            "name": "PIET10+6",
            "x": 30,
            "y": 18,
            "ship_count": 6
        },
        {
            "name": "PIET5+7",
            "x": 15,
            "y": 21,
            "ship_count": 6
        },
        {
            "name": "PIET11+7",
            "x": 33,
            "y": 21,
            "ship_count": 6
        },
        {
            "name": "PIET5+8",
            "x": 15,
            "y": 24,
            "ship_count": 6
        },
        {
            "name": "PIET12+8",
            "x": 36,
            "y": 24,
            "ship_count": 6
        },
        {
            "name": "PIET13+8",
            "x": 39,
            "y": 24,
            "ship_count": 6
        },
        {
            "name": "PIET6+9",
            "x": 18,
            "y": 27,
            "ship_count": 6
        },
        {
            "name": "PIET14+9",
            "x": 42,
            "y": 27,
            "ship_count": 6
        },
        {
            "name": "PIET7+10",
            "x": 21,
            "y": 30,
            "ship_count": 6
        },
        {
            "name": "PIET15+10",
            "x": 45,
            "y": 30,
            "ship_count": 6
        },
        {
            "name": "PIET8+11",
            "x": 24,
            "y": 33,
            "ship_count": 6
        },
        {
            "name": "PIET9+11",
            "x": 27,
            "y": 33,
            "ship_count": 6
        },
        {
            "name": "PIET16+11",
            "x": 48,
            "y": 33,
            "ship_count": 6
        },
        {
            "name": "PIET7+12",
            "x": 21,
            "y": 36,
            "ship_count": 6
        },
        {
            "name": "PIET10+12",
            "x": 30,
            "y": 36,
            "ship_count": 6
        },
        {
            "name": "PIET16+12",
            "x": 48,
            "y": 36,
            "ship_count": 6
        },
        {
            "name": "PIET6+13",
            "x": 18,
            "y": 39,
            "ship_count": 6
        },
        {
            "name": "PIET16+13",
            "x": 48,
            "y": 39,
            "ship_count": 6
        },
        {
            "name": "PIET6+14",
            "x": 18,
            "y": 42,
            "ship_count": 6
        },
        {
            "name": "PIET16+14",
            "x": 48,
            "y": 42,
            "ship_count": 6,
            "owner": 1
        },
        {
            "name": "PIET7+15",
            "x": 21,
            "y": 45,
            "ship_count": 6
        },
        {
            "name": "PIET9+15",
            "x": 27,
            "y": 45,
            "ship_count": 6
        },
        {
            "name": "PIET16+15",
            "x": 48,
            "y": 45,
            "ship_count": 6
        },
        {
            "name": "PIET7+16",
            "x": 21,
            "y": 48,
            "ship_count": 6
        },
        {
            "name": "PIET8+16",
            "x": 24,
            "y": 48,
            "ship_count": 6
        },
        {
            "name": "PIET9+16",
            "x": 27,
            "y": 48,
            "ship_count": 6
        },
        {
            "name": "PIET15+16",
            "x": 45,
            "y": 48,
            "ship_count": 6
        },
        {
            "name": "PIET16+16",
            "x": 48,
            "y": 48,
            "ship_count": 6
        },
        {
            "name": "PIET10+17",
            "x": 30,
            "y": 51,
            "ship_count": 6
        },
        {
            "name": "PIET14+17",
            "x": 42,
            "y": 51,
            "ship_count": 6
        },
        {
            "name": "PIET15+17",
            "x": 45,
            "y": 51,
            "ship_count": 6
        },
        {
            "name": "PIET11+18",
            "x": 33,
            "y": 54,
            "ship_count": 6
        },
        {
            "name": "PIET12+18",
            "x": 36,
            "y": 54,
            "ship_count": 6
        },
        {
            "name": "PIET13+18",
            "x": 39,
            "y": 54,
            "ship_count": 6
        },
        {
            "name": "PIET14+18",
            "x": 42,
            "y": 54,
            "ship_count": 6
        }
    ]
}